R1107TS029_1.pdb,10.8945045
R1107TS029_2.pdb,9.9724045
R1107TS035_1.pdb,8.4534149
R1107TS035_2.pdb,8.0250130
R1107TS035_3.pdb,8.1499786
R1107TS035_4.pdb,8.6297741
R1107TS035_5.pdb,8.6884937
R1107TS054_1.pdb,8.4646358
R1107TS054_2.pdb,8.4722309
R1107TS054_3.pdb,7.5793490
R1107TS054_4.pdb,8.1739769
R1107TS054_5.pdb,7.9993286
R1107TS076_1.pdb,6.9476442
R1107TS076_2.pdb,7.2021303
R1107TS076_3.pdb,7.4741473
R1107TS076_4.pdb,6.9938941
R1107TS076_5.pdb,7.4597807
R1107TS081_1.pdb,9.2802410
R1107TS081_2.pdb,9.0967045
R1107TS081_3.pdb,9.0465584
R1107TS081_4.pdb,9.8388062
R1107TS091_1.pdb,12.5909309
R1107TS091_2.pdb,13.2049904
R1107TS091_3.pdb,13.4042358
R1107TS091_4.pdb,13.0407619
R1107TS091_5.pdb,12.9670906
R1107TS097_1.pdb,11.7815609
R1107TS119_1.pdb,9.1862087
R1107TS119_2.pdb,9.2128773
R1107TS119_3.pdb,9.4584675
R1107TS119_4.pdb,7.9322629
R1107TS119_5.pdb,8.1077681
R1107TS125_1.pdb,7.8060427
R1107TS125_2.pdb,7.7899365
R1107TS125_3.pdb,11.2152729
R1107TS125_4.pdb,10.6171665
R1107TS125_5.pdb,10.7797432
R1107TS128_1.pdb,9.2203369
R1107TS128_2.pdb,9.4496861
R1107TS128_3.pdb,7.9987798
R1107TS128_4.pdb,8.8193417
R1107TS128_5.pdb,8.7437057
R1107TS131_1.pdb,11.9159622
R1107TS131_2.pdb,11.6663284
R1107TS131_3.pdb,11.7114048
R1107TS131_4.pdb,11.7183666
R1107TS131_5.pdb,9.5860519
R1107TS147_1.pdb,8.5027313
R1107TS147_2.pdb,8.9031887
R1107TS147_3.pdb,9.0068550
R1107TS147_4.pdb,9.1466503
R1107TS147_5.pdb,8.3113956
R1107TS163_1.pdb,8.9840240
R1107TS163_2.pdb,9.1765099
R1107TS163_5.pdb,9.9093227
R1107TS227_1.pdb,8.4675579
R1107TS227_2.pdb,9.0575027
R1107TS227_3.pdb,9.2141838
R1107TS227_4.pdb,9.2155323
R1107TS227_5.pdb,9.1109352
R1107TS229_1.pdb,9.9093227
R1107TS229_2.pdb,9.9093227
R1107TS229_3.pdb,9.9093227
R1107TS229_4.pdb,9.9093227
R1107TS229_5.pdb,9.9093227
R1107TS232_1.pdb,7.8992243
R1107TS232_2.pdb,7.9142365
R1107TS232_3.pdb,7.9441686
R1107TS232_4.pdb,8.1447716
R1107TS232_5.pdb,7.9940138
R1107TS235_1.pdb,9.8076057
R1107TS235_2.pdb,11.8712845
R1107TS235_3.pdb,9.9859867
R1107TS235_4.pdb,10.1317120
R1107TS235_5.pdb,9.3003788
R1107TS238_1.pdb,9.0016479
R1107TS245_1.pdb,10.8030949
R1107TS245_2.pdb,9.4622841
R1107TS245_3.pdb,9.3931904
R1107TS245_4.pdb,9.3591518
R1107TS245_5.pdb,10.3985977
R1107TS248_1.pdb,5.9494076
R1107TS248_2.pdb,5.9157701
R1107TS248_3.pdb,6.6701899
R1107TS248_4.pdb,6.3662610
R1107TS248_5.pdb,6.3163528
R1107TS285_1.pdb,8.2745943
R1107TS285_2.pdb,8.2095528
R1107TS285_3.pdb,8.4416656
R1107TS285_4.pdb,8.9649391
R1107TS285_5.pdb,8.6022053
R1107TS287_1.pdb,8.3748665
R1107TS287_2.pdb,8.2141838
R1107TS287_3.pdb,9.5240479
R1107TS287_4.pdb,8.2840385
R1107TS287_5.pdb,9.4924183
R1107TS385_1.pdb,9.8971634
R1107TS385_2.pdb,9.4622841
R1107TS385_3.pdb,9.3931904
R1107TS385_4.pdb,9.3591518
R1107TS385_5.pdb,10.3985977
R1107TS392_1.pdb,9.3195362
R1107TS392_2.pdb,10.1435471
R1107TS392_3.pdb,10.0325813
R1107TS392_4.pdb,9.3503075
R1107TS392_5.pdb,9.6784000
R1107TS416_1.pdb,8.4004307
R1107TS416_2.pdb,7.2369022
R1107TS416_3.pdb,6.8598804
R1107TS416_4.pdb,10.4339161
R1107TS416_5.pdb,7.7108417
R1107TS434_1.pdb,8.8049660
R1107TS434_2.pdb,9.1989841
R1107TS434_3.pdb,9.3834229
R1107TS434_4.pdb,8.4509850
R1107TS434_5.pdb,8.7014751
R1107TS439_1.pdb,9.4319859
R1107TS439_2.pdb,9.9093227
R1107TS439_3.pdb,9.3318844
R1107TS439_4.pdb,9.4319859
R1107TS439_5.pdb,9.9093227
R1107TS470_1.pdb,8.7823505
R1107TS470_2.pdb,8.4025536
R1107TS470_3.pdb,8.2315998
R1107TS470_4.pdb,8.5206509
R1107TS470_5.pdb,8.3027239
R1107TS489_1.pdb,8.7823505
R1107TS489_2.pdb,8.4025536
R1107TS489_3.pdb,8.2315998
R1107TS489_4.pdb,8.5206509
R1107TS489_5.pdb,8.3027239
R1108TS029_1.pdb,9.3320961
R1108TS029_2.pdb,11.1486797
R1108TS035_1.pdb,9.0308228
R1108TS035_2.pdb,7.9550633
R1108TS035_3.pdb,8.6322041
R1108TS035_4.pdb,8.1329823
R1108TS035_5.pdb,8.1549597
R1108TS054_1.pdb,6.6289873
R1108TS054_2.pdb,6.7735558
R1108TS054_3.pdb,6.5875916
R1108TS054_4.pdb,7.1380649
R1108TS054_5.pdb,7.3904653
R1108TS081_1.pdb,9.1471958
R1108TS081_2.pdb,9.3348942
R1108TS081_3.pdb,8.9027061
R1108TS081_4.pdb,9.7428074
R1108TS091_1.pdb,12.5353146
R1108TS091_2.pdb,13.3351269
R1108TS091_3.pdb,12.9403934
R1108TS091_4.pdb,12.4507389
R1108TS091_5.pdb,12.9575405
R1108TS097_1.pdb,10.1417313
R1108TS119_1.pdb,8.7797985
R1108TS119_2.pdb,8.6812401
R1108TS119_3.pdb,8.5331764
R1108TS119_4.pdb,8.9811306
R1108TS119_5.pdb,8.2613726
R1108TS125_1.pdb,6.9399734
R1108TS125_2.pdb,7.1344514
R1108TS125_3.pdb,7.1253452
R1108TS125_4.pdb,7.3184071
R1108TS125_5.pdb,7.2148027
R1108TS128_1.pdb,9.2524376
R1108TS128_2.pdb,9.4587231
R1108TS128_3.pdb,7.9564366
R1108TS128_4.pdb,8.7064228
R1108TS128_5.pdb,8.6626072
R1108TS131_1.pdb,12.2328434
R1108TS131_2.pdb,12.2792797
R1108TS131_3.pdb,11.3037853
R1108TS131_4.pdb,11.8753433
R1108TS131_5.pdb,10.8521137
R1108TS147_1.pdb,7.3461342
R1108TS147_2.pdb,7.1264553
R1108TS147_3.pdb,6.8284450
R1108TS147_4.pdb,7.1169233
R1108TS147_5.pdb,6.8483319
R1108TS163_1.pdb,9.7569962
R1108TS227_1.pdb,7.0504532
R1108TS227_2.pdb,7.0443563
R1108TS227_3.pdb,7.0242310
R1108TS227_4.pdb,7.0268326
R1108TS227_5.pdb,7.2943058
R1108TS229_1.pdb,9.3909588
R1108TS229_2.pdb,9.3909588
R1108TS229_3.pdb,9.3909588
R1108TS229_4.pdb,9.3909588
R1108TS229_5.pdb,9.3909588
R1108TS232_1.pdb,7.7964282
R1108TS232_2.pdb,7.8028665
R1108TS232_3.pdb,7.8519607
R1108TS232_4.pdb,7.7654223
R1108TS232_5.pdb,7.5971351
R1108TS235_1.pdb,9.8147793
R1108TS235_2.pdb,8.9910545
R1108TS235_3.pdb,7.4777932
R1108TS235_4.pdb,7.6462183
R1108TS235_5.pdb,7.6868339
R1108TS238_1.pdb,8.6970978
R1108TS245_1.pdb,10.1565037
R1108TS248_1.pdb,8.7088795
R1108TS248_2.pdb,8.6180592
R1108TS248_3.pdb,8.3674545
R1108TS248_4.pdb,8.6307487
R1108TS248_5.pdb,6.4123330
R1108TS285_1.pdb,8.6880112
R1108TS285_2.pdb,8.8082485
R1108TS285_3.pdb,7.8414826
R1108TS285_4.pdb,8.1433830
R1108TS285_5.pdb,8.2748528
R1108TS287_1.pdb,8.2903557
R1108TS287_2.pdb,8.2035751
R1108TS287_3.pdb,9.4494267
R1108TS287_4.pdb,8.1396217
R1108TS287_5.pdb,9.5066204
R1108TS385_1.pdb,9.8060169
R1108TS385_2.pdb,9.6007862
R1108TS385_3.pdb,9.1697598
R1108TS385_4.pdb,9.2602692
R1108TS385_5.pdb,9.7850628
R1108TS416_1.pdb,8.0039597
R1108TS416_2.pdb,8.0298271
R1108TS416_3.pdb,7.2780747
R1108TS416_4.pdb,8.4344330
R1108TS416_5.pdb,7.2492237
R1108TS434_1.pdb,7.4282980
R1108TS434_2.pdb,7.1009207
R1108TS434_3.pdb,7.2975812
R1108TS434_4.pdb,7.4711552
R1108TS434_5.pdb,7.2384853
R1108TS439_1.pdb,9.4390507
R1108TS439_2.pdb,9.2844334
R1108TS439_3.pdb,9.3206787
R1108TS439_4.pdb,10.3036041
R1108TS439_5.pdb,10.8308411
R1108TS470_1.pdb,7.9505610
R1108TS470_2.pdb,8.1249981
R1108TS470_3.pdb,8.4952984
R1108TS470_4.pdb,8.3181095
R1108TS470_5.pdb,7.5363126
R1108TS489_1.pdb,7.9505610
R1108TS489_2.pdb,8.1249981
R1108TS489_3.pdb,8.4952984
R1108TS489_4.pdb,8.3181095
R1108TS489_5.pdb,7.5363126
R1116TS029_1.pdb,8.9348583
R1116TS029_2.pdb,9.0636520
R1116TS029_3.pdb,9.1821671
R1116TS035_1.pdb,6.8962898
R1116TS035_2.pdb,6.9393601
R1116TS035_3.pdb,7.3938236
R1116TS035_4.pdb,7.7023005
R1116TS035_5.pdb,8.0966330
R1116TS054_1.pdb,6.9580798
R1116TS054_2.pdb,7.1051774
R1116TS054_3.pdb,7.4035974
R1116TS054_4.pdb,6.3473191
R1116TS054_5.pdb,7.0579281
R1116TS076_1.pdb,6.1581225
R1116TS076_2.pdb,6.5324492
R1116TS076_3.pdb,6.1119332
R1116TS076_4.pdb,6.1329517
R1116TS076_5.pdb,6.1886964
R1116TS081_1.pdb,7.0756178
R1116TS081_2.pdb,6.6926303
R1116TS081_3.pdb,6.7834282
R1116TS081_4.pdb,6.7571712
R1116TS081_5.pdb,6.7969618
R1116TS091_1.pdb,12.4893036
R1116TS091_2.pdb,12.2525387
R1116TS091_3.pdb,12.4390888
R1116TS091_4.pdb,12.3135090
R1116TS091_5.pdb,11.8060226
R1116TS097_1.pdb,13.6326599
R1116TS110_1.pdb,7.7740321
R1116TS110_2.pdb,7.1905947
R1116TS110_3.pdb,7.2092133
R1116TS110_4.pdb,7.6520004
R1116TS110_5.pdb,8.0714054
R1116TS119_1.pdb,6.6135392
R1116TS119_2.pdb,6.2763391
R1116TS119_3.pdb,7.0785546
R1116TS119_4.pdb,6.3618565
R1116TS119_5.pdb,6.1867876
R1116TS125_1.pdb,6.1782446
R1116TS125_2.pdb,6.0480227
R1116TS125_3.pdb,6.3637261
R1116TS125_4.pdb,6.6663013
R1116TS125_5.pdb,6.0672388
R1116TS131_1.pdb,9.7864799
R1116TS131_2.pdb,11.1282368
R1116TS131_3.pdb,9.6921616
R1116TS131_4.pdb,8.5529728
R1116TS131_5.pdb,9.2308922
R1116TS147_1.pdb,7.6246719
R1116TS147_2.pdb,7.8008599
R1116TS147_3.pdb,7.7301159
R1116TS147_4.pdb,7.1561913
R1116TS147_5.pdb,7.6790485
R1116TS163_1.pdb,10.1257839
R1116TS163_2.pdb,9.4569187
R1116TS163_3.pdb,9.7281437
R1116TS177_1.pdb,8.9092712
R1116TS185_1.pdb,7.1268306
R1116TS185_2.pdb,6.6204481
R1116TS185_3.pdb,7.1708188
R1116TS185_4.pdb,7.2267222
R1116TS185_5.pdb,6.6442122
R1116TS227_1.pdb,7.6280279
R1116TS227_2.pdb,7.8140373
R1116TS227_3.pdb,7.7342186
R1116TS227_4.pdb,7.1607566
R1116TS227_5.pdb,7.6842413
R1116TS229_1.pdb,8.4830532
R1116TS229_2.pdb,8.6597424
R1116TS229_3.pdb,8.6718903
R1116TS229_4.pdb,8.3858109
R1116TS229_5.pdb,7.4215474
R1116TS232_1.pdb,6.2793055
R1116TS232_2.pdb,6.2692080
R1116TS232_3.pdb,6.4131575
R1116TS232_4.pdb,6.2710238
R1116TS232_5.pdb,6.4171071
R1116TS235_1.pdb,7.7004409
R1116TS235_2.pdb,7.5165081
R1116TS235_3.pdb,7.6531844
R1116TS235_4.pdb,7.8072381
R1116TS235_5.pdb,7.6094227
R1116TS238_1.pdb,7.5568528
R1116TS238_2.pdb,8.9508820
R1116TS239_1.pdb,7.8669362
R1116TS239_2.pdb,9.1435661
R1116TS239_3.pdb,8.4046726
R1116TS239_4.pdb,8.4723301
R1116TS239_5.pdb,8.4321995
R1116TS245_1.pdb,10.1951714
R1116TS245_2.pdb,9.7741737
R1116TS245_3.pdb,9.6207390
R1116TS245_4.pdb,10.4871197
R1116TS245_5.pdb,10.5411892
R1116TS248_1.pdb,6.4285645
R1116TS248_2.pdb,6.4196596
R1116TS248_3.pdb,6.5297441
R1116TS248_4.pdb,6.7761464
R1116TS248_5.pdb,6.6799455
R1116TS285_1.pdb,7.1039147
R1116TS285_2.pdb,6.6207571
R1116TS285_3.pdb,6.5577993
R1116TS285_4.pdb,7.6427236
R1116TS285_5.pdb,6.7236524
R1116TS287_1.pdb,6.8941417
R1116TS287_2.pdb,6.9809418
R1116TS287_3.pdb,6.8829455
R1116TS287_4.pdb,6.9632034
R1116TS287_5.pdb,6.9285293
R1116TS385_1.pdb,10.1951714
R1116TS385_2.pdb,9.7741737
R1116TS385_3.pdb,9.6207390
R1116TS385_4.pdb,10.4871197
R1116TS385_5.pdb,10.5411892
R1116TS392_1.pdb,7.1200380
R1116TS392_2.pdb,7.0190549
R1116TS392_3.pdb,7.9011045
R1116TS392_4.pdb,7.7556171
R1116TS392_5.pdb,7.6212525
R1116TS416_1.pdb,7.6631885
R1116TS416_2.pdb,8.4424744
R1116TS416_3.pdb,7.0806203
R1116TS416_4.pdb,7.8108582
R1116TS416_5.pdb,6.7938566
R1116TS434_1.pdb,7.6280279
R1116TS434_2.pdb,7.8140373
R1116TS434_3.pdb,7.7342186
R1116TS434_4.pdb,7.1607566
R1116TS434_5.pdb,7.6842413
R1116TS439_1.pdb,7.3178744
R1116TS439_2.pdb,8.5760136
R1116TS439_3.pdb,7.3023973
R1116TS439_4.pdb,7.4507184
R1116TS439_5.pdb,7.3616629
R1116TS470_1.pdb,7.7387304
R1116TS470_2.pdb,7.6350732
R1116TS470_3.pdb,7.8007245
R1116TS470_4.pdb,7.7499838
R1116TS470_5.pdb,7.5615268
R1116TS489_1.pdb,7.5216203
R1116TS489_2.pdb,7.1540427
R1116TS489_3.pdb,7.4721456
R1116TS489_4.pdb,7.1469893
R1116TS489_5.pdb,7.5245557
R1117TS029_1.pdb,9.6035252
R1117TS029_2.pdb,9.6473942
R1117TS035_1.pdb,11.6012726
R1117TS035_2.pdb,10.4713535
R1117TS035_3.pdb,10.8574734
R1117TS035_4.pdb,10.3910389
R1117TS035_5.pdb,10.8205242
R1117TS046_1.pdb,11.6012726
R1117TS046_2.pdb,10.4713535
R1117TS046_3.pdb,10.8574734
R1117TS046_4.pdb,10.3910389
R1117TS046_5.pdb,10.8205242
R1117TS054_1.pdb,9.1951637
R1117TS054_2.pdb,9.4363289
R1117TS054_3.pdb,9.4681053
R1117TS054_4.pdb,10.0599594
R1117TS054_5.pdb,9.6783371
R1117TS076_1.pdb,6.7736516
R1117TS076_2.pdb,6.5856485
R1117TS076_3.pdb,6.4569263
R1117TS076_4.pdb,6.5614924
R1117TS076_5.pdb,6.3351483
R1117TS081_1.pdb,9.3063984
R1117TS081_2.pdb,9.5718822
R1117TS081_3.pdb,9.5977230
R1117TS081_4.pdb,9.4045868
R1117TS081_5.pdb,9.2503052
R1117TS091_1.pdb,13.5848980
R1117TS091_2.pdb,13.2756596
R1117TS091_3.pdb,13.3540916
R1117TS091_4.pdb,12.8369350
R1117TS091_5.pdb,13.0479717
R1117TS097_1.pdb,11.7932549
R1117TS110_1.pdb,9.9575710
R1117TS110_2.pdb,10.3918171
R1117TS110_3.pdb,9.8882236
R1117TS110_4.pdb,9.0691032
R1117TS110_5.pdb,9.4526463
R1117TS119_1.pdb,8.5241051
R1117TS119_2.pdb,8.4026165
R1117TS119_3.pdb,8.5482101
R1117TS119_4.pdb,8.5031033
R1117TS119_5.pdb,7.7259016
R1117TS125_1.pdb,9.5210743
R1117TS125_2.pdb,9.2885380
R1117TS125_3.pdb,8.9466515
R1117TS125_4.pdb,8.6924248
R1117TS125_5.pdb,7.2828684
R1117TS128_1.pdb,9.5262547
R1117TS128_2.pdb,9.2106380
R1117TS128_3.pdb,9.6484833
R1117TS128_4.pdb,9.4431038
R1117TS128_5.pdb,8.6282597
R1117TS131_1.pdb,11.3059311
R1117TS131_2.pdb,8.3145046
R1117TS131_3.pdb,8.1755276
R1117TS131_4.pdb,11.3679981
R1117TS131_5.pdb,8.5803871
R1117TS147_1.pdb,8.0034161
R1117TS147_2.pdb,7.1064119
R1117TS147_3.pdb,7.6695333
R1117TS147_4.pdb,8.6127357
R1117TS147_5.pdb,7.9942384
R1117TS163_1.pdb,10.5497894
R1117TS163_2.pdb,10.5497894
R1117TS163_3.pdb,10.8338890
R1117TS163_4.pdb,10.0095901
R1117TS163_5.pdb,9.2447777
R1117TS177_1.pdb,8.5131950
R1117TS185_1.pdb,9.2675705
R1117TS185_2.pdb,8.4494419
R1117TS185_3.pdb,9.2758541
R1117TS185_4.pdb,8.8332272
R1117TS185_5.pdb,8.8946514
R1117TS227_1.pdb,9.1857071
R1117TS227_2.pdb,8.2519999
R1117TS227_3.pdb,8.4855976
R1117TS227_5.pdb,8.2462177
R1117TS229_1.pdb,9.3509560
R1117TS229_2.pdb,9.6271572
R1117TS229_3.pdb,9.5541725
R1117TS229_4.pdb,10.3576298
R1117TS229_5.pdb,9.2447777
R1117TS232_1.pdb,9.3700314
R1117TS232_2.pdb,9.4423866
R1117TS232_3.pdb,9.7771587
R1117TS232_4.pdb,8.9153538
R1117TS232_5.pdb,9.2871609
R1117TS235_1.pdb,10.3945103
R1117TS235_2.pdb,9.8871880
R1117TS235_3.pdb,9.9496002
R1117TS235_4.pdb,10.3013153
R1117TS235_5.pdb,9.3934746
R1117TS238_1.pdb,10.1180611
R1117TS239_1.pdb,9.8287296
R1117TS239_2.pdb,9.5541725
R1117TS239_3.pdb,8.4838028
R1117TS239_4.pdb,10.2375488
R1117TS245_1.pdb,9.5138569
R1117TS245_2.pdb,8.6685619
R1117TS245_3.pdb,8.3603802
R1117TS245_4.pdb,8.4040031
R1117TS245_5.pdb,7.8705730
R1117TS248_1.pdb,10.9814682
R1117TS248_2.pdb,10.9027138
R1117TS248_3.pdb,10.6649895
R1117TS248_4.pdb,10.8468113
R1117TS248_5.pdb,10.6206703
R1117TS287_1.pdb,9.7452927
R1117TS287_2.pdb,9.5381451
R1117TS287_3.pdb,9.8526039
R1117TS287_4.pdb,9.5438995
R1117TS287_5.pdb,9.4612961
R1117TS385_1.pdb,9.5138569
R1117TS385_2.pdb,8.6685619
R1117TS385_3.pdb,8.3603802
R1117TS385_4.pdb,8.4040031
R1117TS385_5.pdb,7.8705730
R1117TS392_1.pdb,9.5966167
R1117TS392_2.pdb,9.8963795
R1117TS392_3.pdb,10.0923481
R1117TS392_4.pdb,9.4322128
R1117TS392_5.pdb,9.5252743
R1117TS416_1.pdb,9.6231403
R1117TS416_2.pdb,9.8712139
R1117TS416_3.pdb,9.3826008
R1117TS416_4.pdb,8.7613964
R1117TS416_5.pdb,8.9958496
R1117TS434_1.pdb,8.0957890
R1117TS434_2.pdb,8.0649986
R1117TS434_3.pdb,7.6494656
R1117TS434_4.pdb,9.1857071
R1117TS439_1.pdb,9.0913410
R1117TS439_2.pdb,9.5052681
R1117TS439_3.pdb,9.4937363
R1117TS439_4.pdb,12.0360279
R1117TS439_5.pdb,9.8287296
R1117TS444_1.pdb,9.8287296
R1117TS444_2.pdb,9.6271572
R1117TS444_3.pdb,9.2885380
R1117TS444_4.pdb,8.9021206
R1117TS444_5.pdb,8.4838028
R1117TS470_1.pdb,10.0410786
R1117TS470_2.pdb,9.6849499
R1117TS470_3.pdb,8.9021206
R1117TS470_4.pdb,8.9021206
R1117TS470_5.pdb,10.1542053
R1117TS489_1.pdb,10.0410786
R1117TS489_2.pdb,9.6849499
R1117TS489_3.pdb,8.9021206
R1117TS489_4.pdb,8.9021206
R1117TS489_5.pdb,10.1542053
R1126TS029_1.pdb,9.3874531
R1126TS029_2.pdb,9.4071980
R1126TS029_3.pdb,9.7215347
R1126TS035_1.pdb,8.0458155
R1126TS035_2.pdb,8.2423620
R1126TS035_3.pdb,8.3549290
R1126TS035_4.pdb,8.2032375
R1126TS035_5.pdb,8.1854916
R1126TS054_1.pdb,6.9540324
R1126TS054_2.pdb,6.9615092
R1126TS054_3.pdb,6.9668040
R1126TS054_4.pdb,6.9926395
R1126TS054_5.pdb,6.9527636
R1126TS076_1.pdb,7.0516782
R1126TS076_2.pdb,8.1586895
R1126TS076_3.pdb,9.3088589
R1126TS076_4.pdb,9.3088589
R1126TS076_5.pdb,7.5430522
R1126TS081_1.pdb,6.0694480
R1126TS081_2.pdb,6.0344062
R1126TS081_3.pdb,6.0472145
R1126TS097_1.pdb,14.1068630
R1126TS110_1.pdb,7.5613933
R1126TS110_2.pdb,8.0142155
R1126TS110_3.pdb,8.4359703
R1126TS110_4.pdb,7.9240880
R1126TS110_5.pdb,8.2179689
R1126TS119_1.pdb,7.0901418
R1126TS119_2.pdb,7.0435472
R1126TS119_3.pdb,7.1004996
R1126TS119_4.pdb,7.0830760
R1126TS119_5.pdb,7.1916008
R1126TS125_1.pdb,7.0516782
R1126TS125_2.pdb,6.9102755
R1126TS125_3.pdb,6.8653560
R1126TS125_4.pdb,7.0567713
R1126TS125_5.pdb,7.0848384
R1126TS128_1.pdb,7.6128988
R1126TS128_2.pdb,6.6775808
R1126TS128_3.pdb,6.7953806
R1126TS128_4.pdb,6.9472985
R1126TS128_5.pdb,6.8620262
R1126TS131_1.pdb,11.4520264
R1126TS131_2.pdb,11.6287651
R1126TS131_3.pdb,11.2755203
R1126TS131_4.pdb,11.4117603
R1126TS131_5.pdb,11.5994968
R1126TS147_1.pdb,6.8439918
R1126TS147_2.pdb,6.8436441
R1126TS147_3.pdb,7.0999947
R1126TS147_4.pdb,6.9170446
R1126TS147_5.pdb,7.2241559
R1126TS177_1.pdb,9.4387016
R1126TS185_1.pdb,8.0267477
R1126TS185_2.pdb,8.0398531
R1126TS185_3.pdb,7.6243911
R1126TS185_4.pdb,8.8835812
R1126TS185_5.pdb,8.9810295
R1126TS227_1.pdb,7.0960736
R1126TS227_2.pdb,7.2065997
R1126TS227_3.pdb,6.7280617
R1126TS227_4.pdb,7.0036769
R1126TS227_5.pdb,6.8554158
R1126TS229_1.pdb,9.3088589
R1126TS229_2.pdb,8.3962345
R1126TS229_3.pdb,7.5430522
R1126TS229_4.pdb,7.3993464
R1126TS229_5.pdb,8.7287064
R1126TS232_1.pdb,5.9091578
R1126TS232_2.pdb,5.8970227
R1126TS232_3.pdb,5.8305893
R1126TS232_4.pdb,5.8807878
R1126TS232_5.pdb,5.8978386
R1126TS235_1.pdb,7.5058551
R1126TS235_2.pdb,7.8477807
R1126TS235_3.pdb,7.5830441
R1126TS235_4.pdb,7.1116381
R1126TS235_5.pdb,7.0387278
R1126TS238_2.pdb,9.4597645
R1126TS239_1.pdb,8.1586895
R1126TS239_2.pdb,7.5481529
R1126TS239_3.pdb,8.3962345
R1126TS239_4.pdb,9.3088589
R1126TS239_5.pdb,7.8307638
R1126TS245_1.pdb,10.7337341
R1126TS245_2.pdb,10.7110023
R1126TS245_3.pdb,10.0794830
R1126TS245_4.pdb,10.1760883
R1126TS245_5.pdb,9.7274418
R1126TS248_1.pdb,8.0458155
R1126TS248_2.pdb,8.2423620
R1126TS248_3.pdb,8.3549290
R1126TS248_4.pdb,8.2032375
R1126TS248_5.pdb,8.1854916
R1126TS287_1.pdb,7.2164807
R1126TS287_2.pdb,6.7985740
R1126TS287_3.pdb,7.1270704
R1126TS287_4.pdb,7.2640395
R1126TS287_5.pdb,6.7333155
R1126TS385_1.pdb,10.7337341
R1126TS392_1.pdb,7.2404075
R1126TS392_2.pdb,7.4530339
R1126TS392_3.pdb,7.1684871
R1126TS416_1.pdb,7.7289896
R1126TS416_2.pdb,8.4083920
R1126TS416_3.pdb,9.0071335
R1126TS416_4.pdb,9.0125370
R1126TS416_5.pdb,7.4789000
R1126TS434_1.pdb,6.8671689
R1126TS434_2.pdb,7.1757908
R1126TS434_3.pdb,6.9174876
R1126TS434_4.pdb,6.9339390
R1126TS434_5.pdb,7.1513910
R1126TS439_1.pdb,9.3088589
R1126TS439_2.pdb,8.3962345
R1126TS439_3.pdb,7.5430522
R1126TS439_4.pdb,7.3993464
R1126TS439_5.pdb,8.7287064
R1126TS444_1.pdb,10.2498150
R1126TS444_2.pdb,8.3962345
R1126TS444_3.pdb,10.7337341
R1126TS444_4.pdb,8.1586895
R1126TS444_5.pdb,10.7110023
R1126TS470_1.pdb,9.5917454
R1126TS470_2.pdb,10.3014584
R1126TS470_3.pdb,10.1562347
R1126TS470_4.pdb,9.9971561
R1126TS470_5.pdb,10.1764851
R1126TS489_1.pdb,10.2498150
R1126TS489_2.pdb,10.3014584
R1126TS489_3.pdb,10.1562347
R1126TS489_4.pdb,9.9971561
R1126TS489_5.pdb,10.1764851
R1126TS490_1.pdb,8.0458155
R1126TS490_2.pdb,8.2423620
R1126TS490_3.pdb,8.3549290
R1126TS490_4.pdb,8.2032375
R1126TS490_5.pdb,8.1854916
R1128TS029_1.pdb,9.8890648
R1128TS029_2.pdb,11.1946907
R1128TS029_3.pdb,10.8571415
R1128TS029_4.pdb,9.9814625
R1128TS035_1.pdb,7.3445654
R1128TS035_2.pdb,7.5239372
R1128TS035_3.pdb,7.9298210
R1128TS035_4.pdb,7.6880450
R1128TS035_5.pdb,7.4469280
R1128TS054_1.pdb,6.4929118
R1128TS054_2.pdb,6.2218585
R1128TS054_3.pdb,6.5689249
R1128TS054_4.pdb,6.3251328
R1128TS054_5.pdb,6.2156196
R1128TS076_1.pdb,6.0178618
R1128TS076_2.pdb,5.8350940
R1128TS076_3.pdb,5.9403958
R1128TS076_4.pdb,6.0920382
R1128TS076_5.pdb,5.8185377
R1128TS081_1.pdb,6.1410360
R1128TS081_2.pdb,6.2902489
R1128TS081_3.pdb,6.1160645
R1128TS081_4.pdb,6.3950572
R1128TS081_5.pdb,6.6421018
R1128TS097_1.pdb,11.2341690
R1128TS110_1.pdb,6.7992306
R1128TS110_2.pdb,6.9282689
R1128TS119_1.pdb,6.0070658
R1128TS119_2.pdb,6.1066732
R1128TS119_3.pdb,6.4211249
R1128TS119_4.pdb,6.7987108
R1128TS119_5.pdb,7.7400970
R1128TS125_1.pdb,6.6003604
R1128TS125_2.pdb,6.3606048
R1128TS125_3.pdb,6.7542114
R1128TS125_4.pdb,6.6666565
R1128TS125_5.pdb,6.4900498
R1128TS128_1.pdb,6.3143549
R1128TS128_2.pdb,6.5421276
R1128TS128_3.pdb,6.7126150
R1128TS128_4.pdb,6.4503007
R1128TS128_5.pdb,6.6682429
R1128TS131_1.pdb,11.2868328
R1128TS131_2.pdb,11.3195229
R1128TS131_3.pdb,10.5094662
R1128TS131_4.pdb,10.7645817
R1128TS131_5.pdb,9.3635197
R1128TS147_1.pdb,5.9849615
R1128TS147_2.pdb,5.9295616
R1128TS147_3.pdb,5.9725275
R1128TS147_4.pdb,5.8023868
R1128TS147_5.pdb,5.9127584
R1128TS163_1.pdb,10.2125607
R1128TS177_1.pdb,9.6823750
R1128TS185_1.pdb,6.6789536
R1128TS185_2.pdb,6.9521685
R1128TS185_3.pdb,6.5913644
R1128TS185_4.pdb,6.7085614
R1128TS185_5.pdb,6.9632225
R1128TS227_1.pdb,5.8563743
R1128TS227_2.pdb,5.7020426
R1128TS227_3.pdb,5.8476524
R1128TS227_4.pdb,5.9190316
R1128TS227_5.pdb,5.7593517
R1128TS229_1.pdb,6.5236049
R1128TS229_2.pdb,7.8575850
R1128TS229_3.pdb,6.6058912
R1128TS229_4.pdb,7.4665346
R1128TS229_5.pdb,6.2434993
R1128TS232_1.pdb,5.7935166
R1128TS232_2.pdb,5.8657265
R1128TS232_3.pdb,5.7805686
R1128TS232_4.pdb,5.9053016
R1128TS232_5.pdb,5.7692399
R1128TS235_1.pdb,6.8769879
R1128TS235_2.pdb,6.8710399
R1128TS235_3.pdb,6.9393187
R1128TS235_4.pdb,6.7070994
R1128TS235_5.pdb,6.7703619
R1128TS238_1.pdb,8.0935726
R1128TS238_2.pdb,7.3317881
R1128TS238_3.pdb,8.1399059
R1128TS239_1.pdb,7.4665346
R1128TS239_2.pdb,7.7343888
R1128TS239_3.pdb,9.6066017
R1128TS239_4.pdb,6.2434993
R1128TS239_5.pdb,7.3024006
R1128TS245_1.pdb,9.3507900
R1128TS245_2.pdb,9.5188160
R1128TS245_3.pdb,9.3934269
R1128TS245_4.pdb,9.9129391
R1128TS245_5.pdb,9.0771198
R1128TS248_1.pdb,5.9243722
R1128TS248_2.pdb,5.9660096
R1128TS248_3.pdb,6.0214839
R1128TS248_4.pdb,6.0286765
R1128TS248_5.pdb,6.0835929
R1128TS285_1.pdb,6.7979665
R1128TS285_2.pdb,6.9628634
R1128TS285_3.pdb,6.7563987
R1128TS285_4.pdb,6.7740936
R1128TS285_5.pdb,7.0249538
R1128TS287_1.pdb,7.0505013
R1128TS287_2.pdb,7.4043040
R1128TS287_3.pdb,6.5810781
R1128TS287_4.pdb,7.3381729
R1128TS287_5.pdb,7.4954252
R1128TS392_1.pdb,8.0252762
R1128TS392_2.pdb,7.3870230
R1128TS392_3.pdb,8.1093903
R1128TS392_4.pdb,7.2968946
R1128TS392_5.pdb,6.9443145
R1128TS416_1.pdb,6.6003604
R1128TS416_2.pdb,6.3606048
R1128TS416_3.pdb,6.7542114
R1128TS416_4.pdb,6.1910448
R1128TS416_5.pdb,6.3162136
R1128TS434_1.pdb,5.8344088
R1128TS434_2.pdb,5.9368339
R1128TS434_3.pdb,5.7904654
R1128TS434_4.pdb,6.1635838
R1128TS434_5.pdb,5.9050589
R1128TS439_1.pdb,6.5236049
R1128TS439_2.pdb,7.4665346
R1128TS439_3.pdb,7.4489374
R1128TS439_4.pdb,6.6003604
R1128TS439_5.pdb,7.4665346
R1128TS470_1.pdb,7.4489374
R1128TS470_2.pdb,7.4722433
R1128TS470_3.pdb,7.3849130
R1128TS470_4.pdb,7.0986657
R1128TS470_5.pdb,7.5625377
R1128TS489_1.pdb,7.4489374
R1128TS489_2.pdb,7.4722433
R1128TS489_3.pdb,7.3849130
R1128TS489_4.pdb,7.0986657
R1128TS489_5.pdb,7.5625377
R1136TS029_1.pdb,9.2760887
R1136TS029_2.pdb,9.4230423
R1136TS029_3.pdb,9.4412956
R1136TS029_4.pdb,9.3488503
R1136TS029_5.pdb,10.8098564
R1136TS035_1.pdb,7.3580475
R1136TS035_2.pdb,7.3513865
R1136TS035_3.pdb,7.2768831
R1136TS035_4.pdb,8.4904556
R1136TS035_5.pdb,8.4214649
R1136TS054_1.pdb,6.8373799
R1136TS054_2.pdb,6.9619851
R1136TS054_3.pdb,7.1303310
R1136TS054_4.pdb,7.2559323
R1136TS054_5.pdb,6.8414698
R1136TS076_1.pdb,6.4332094
R1136TS076_2.pdb,6.4831777
R1136TS076_3.pdb,6.8214359
R1136TS076_4.pdb,6.7977729
R1136TS076_5.pdb,6.6677451
R1136TS081_1.pdb,6.2429628
R1136TS081_2.pdb,6.1492748
R1136TS081_3.pdb,6.2409401
R1136TS081_4.pdb,6.2422037
R1136TS081_5.pdb,6.2124391
R1136TS097_1.pdb,12.9851017
R1136TS097_2.pdb,12.9851017
R1136TS097_3.pdb,12.9851017
R1136TS097_4.pdb,12.9851017
R1136TS097_5.pdb,12.9851017
R1136TS110_1.pdb,7.5512567
R1136TS110_2.pdb,7.4285016
R1136TS110_3.pdb,7.9155130
R1136TS110_4.pdb,7.5671940
R1136TS110_5.pdb,7.7302713
R1136TS119_1.pdb,6.8583493
R1136TS119_2.pdb,6.5931268
R1136TS119_3.pdb,6.8731599
R1136TS119_4.pdb,6.4557590
R1136TS119_5.pdb,6.6196318
R1136TS125_1.pdb,6.6677451
R1136TS125_2.pdb,6.5408874
R1136TS125_3.pdb,6.6884961
R1136TS125_4.pdb,6.6280375
R1136TS125_5.pdb,6.8288198
R1136TS128_1.pdb,6.6602449
R1136TS128_2.pdb,6.7266660
R1136TS128_3.pdb,6.6798587
R1136TS128_4.pdb,7.0240860
R1136TS128_5.pdb,7.1386857
R1136TS131_1.pdb,11.3399143
R1136TS131_2.pdb,11.3649387
R1136TS131_3.pdb,11.4430943
R1136TS131_4.pdb,11.4242210
R1136TS131_5.pdb,11.4559727
R1136TS147_1.pdb,6.7653446
R1136TS147_2.pdb,6.9655952
R1136TS147_3.pdb,6.8167081
R1136TS147_4.pdb,6.9762468
R1136TS147_5.pdb,6.5837307
R1136TS177_1.pdb,9.0524635
R1136TS227_1.pdb,6.9615884
R1136TS227_2.pdb,6.7366366
R1136TS227_3.pdb,7.1942649
R1136TS227_4.pdb,7.1355114
R1136TS227_5.pdb,6.8464618
R1136TS229_1.pdb,8.0623703
R1136TS229_2.pdb,8.1465073
R1136TS229_3.pdb,9.0189972
R1136TS229_4.pdb,8.3079929
R1136TS229_5.pdb,7.7484426
R1136TS232_1.pdb,6.0464716
R1136TS232_2.pdb,6.1284070
R1136TS232_3.pdb,6.1166954
R1136TS232_4.pdb,6.1263642
R1136TS232_5.pdb,6.2189970
R1136TS235_1.pdb,6.9980841
R1136TS235_2.pdb,7.0800238
R1136TS235_3.pdb,7.1251082
R1136TS235_4.pdb,6.9835544
R1136TS235_5.pdb,7.3230166
R1136TS239_1.pdb,8.0623703
R1136TS239_2.pdb,7.9093614
R1136TS239_3.pdb,8.2426758
R1136TS239_4.pdb,9.0189972
R1136TS239_5.pdb,8.4803104
R1136TS245_1.pdb,9.8958645
R1136TS245_2.pdb,9.6393375
R1136TS245_3.pdb,10.0349922
R1136TS245_4.pdb,9.8868294
R1136TS245_5.pdb,10.4122066
R1136TS248_1.pdb,7.1822667
R1136TS248_2.pdb,7.1747460
R1136TS248_3.pdb,7.3120413
R1136TS248_4.pdb,7.2370844
R1136TS248_5.pdb,7.1723304
R1136TS287_1.pdb,5.8517599
R1136TS287_2.pdb,6.6339874
R1136TS287_3.pdb,5.9534178
R1136TS287_4.pdb,5.8406405
R1136TS287_5.pdb,5.9609160
R1136TS325_1.pdb,6.0437808
R1136TS325_2.pdb,6.0437808
R1136TS325_3.pdb,6.0437808
R1136TS325_4.pdb,6.0437808
R1136TS325_5.pdb,6.0437808
R1136TS347_1.pdb,6.0437808
R1136TS347_2.pdb,6.0437808
R1136TS347_3.pdb,6.0437808
R1136TS347_4.pdb,6.0437808
R1136TS347_5.pdb,6.0437808
R1136TS385_1.pdb,9.8958645
R1136TS392_1.pdb,6.4785910
R1136TS392_2.pdb,7.1710715
R1136TS392_3.pdb,7.0864711
R1136TS416_1.pdb,8.0623703
R1136TS416_2.pdb,6.5408874
R1136TS416_3.pdb,8.2426758
R1136TS416_4.pdb,6.6280375
R1136TS416_5.pdb,6.8288198
R1136TS434_1.pdb,6.5225272
R1136TS434_2.pdb,6.8213239
R1136TS434_3.pdb,6.6530962
R1136TS434_4.pdb,6.8314710
R1136TS434_5.pdb,6.7777438
R1136TS439_1.pdb,8.0623703
R1136TS439_2.pdb,8.1465073
R1136TS439_3.pdb,9.0189972
R1136TS439_4.pdb,6.6280375
R1136TS439_5.pdb,7.7484426
R1136TS444_1.pdb,6.6677451
R1136TS444_2.pdb,9.8958645
R1136TS444_3.pdb,9.0196552
R1136TS444_4.pdb,8.4803104
R1136TS444_5.pdb,10.0349922
R1136TS456_1.pdb,6.0437808
R1136TS456_2.pdb,6.0437808
R1136TS456_3.pdb,6.0437808
R1136TS456_4.pdb,6.0437808
R1136TS456_5.pdb,6.0437808
R1136TS470_1.pdb,9.0196552
R1136TS470_2.pdb,8.7931156
R1136TS470_3.pdb,9.2863579
R1136TS470_4.pdb,9.2764950
R1136TS470_5.pdb,9.1489544
R1136TS489_1.pdb,9.0196552
R1136TS489_2.pdb,8.7931156
R1136TS489_3.pdb,9.2863579
R1136TS489_4.pdb,9.2764950
R1136TS489_5.pdb,9.1489544
R1138TS229_3.pdb,9.4700031
R1138TS229_4.pdb,7.6883941
R1138TS229_5.pdb,8.5115643
R1138TS232_1.pdb,5.9156570
R1138TS232_2.pdb,5.8558402
R1138TS232_3.pdb,5.8247528
R1138TS232_4.pdb,5.7778707
R1138TS232_5.pdb,5.8057022
R1138TS235_1.pdb,9.7254143
R1138TS235_2.pdb,9.3457279
R1138TS239_2.pdb,9.4700031
R1138TS239_3.pdb,8.5115643
R1138TS239_4.pdb,7.6883941
R1138TS239_5.pdb,9.2930222
R1138TS245_1.pdb,10.1799469
R1138TS245_2.pdb,10.1504650
R1138TS245_3.pdb,9.6279850
R1138TS245_4.pdb,9.9901333
R1138TS245_5.pdb,9.8500443
R1138TS248_1.pdb,7.1906929
R1138TS248_2.pdb,7.0766072
R1138TS248_3.pdb,6.9647460
R1138TS248_4.pdb,7.1003771
R1138TS248_5.pdb,7.1745300
R1138TS287_1.pdb,6.1368918
R1138TS287_2.pdb,6.6872087
R1138TS287_3.pdb,6.4220676
R1138TS287_4.pdb,7.1962442
R1138TS287_5.pdb,7.1849761
R1138TS385_1.pdb,10.1799469
R1138TS392_1.pdb,7.9274578
R1138TS392_2.pdb,7.0153689
R1138TS392_3.pdb,6.7582846
R1138TS392_4.pdb,7.0423899
R1138TS392_5.pdb,6.9418774
R1138TS416_1.pdb,6.5715299
R1138TS416_2.pdb,9.4700031
R1138TS416_3.pdb,6.6987391
R1138TS416_4.pdb,7.6883941
R1138TS416_5.pdb,6.7011065
R1138TS434_1.pdb,6.5708508
R1138TS434_2.pdb,6.6833777
R1138TS434_3.pdb,6.5364656
R1138TS434_4.pdb,6.8351679
R1138TS434_5.pdb,6.8014889
R1138TS439_1.pdb,6.7011065
R1138TS439_2.pdb,6.8770614
R1138TS439_3.pdb,6.5715299
R1138TS439_4.pdb,7.6883941
R1138TS439_5.pdb,8.5115643
R1138TS470_1.pdb,9.0415249
R1138TS470_2.pdb,9.3137894
R1138TS470_3.pdb,9.3134613
R1138TS470_4.pdb,9.4205990
R1138TS470_5.pdb,9.1307316
R1138TS489_1.pdb,8.5944328
R1138TS489_2.pdb,9.2425137
R1138TS489_3.pdb,9.0463200
R1138TS489_4.pdb,9.6459904
R1138TS489_5.pdb,9.0037804
R1149TS029_1.pdb,9.2419357
R1149TS029_2.pdb,10.3007259
R1149TS029_3.pdb,9.3356686
R1149TS029_4.pdb,9.4326801
R1149TS035_1.pdb,6.8261104
R1149TS035_2.pdb,5.8938937
R1149TS035_3.pdb,6.2852464
R1149TS035_4.pdb,6.9759974
R1149TS035_5.pdb,6.1319628
R1149TS054_1.pdb,6.3096371
R1149TS054_2.pdb,6.4128900
R1149TS054_3.pdb,6.5319982
R1149TS054_4.pdb,6.6420636
R1149TS054_5.pdb,7.0993948
R1149TS076_1.pdb,6.1614704
R1149TS076_2.pdb,6.0571280
R1149TS076_3.pdb,6.2627435
R1149TS076_4.pdb,6.2716002
R1149TS076_5.pdb,5.7627439
R1149TS081_1.pdb,7.1181350
R1149TS081_2.pdb,7.1858215
R1149TS081_3.pdb,7.5084782
R1149TS081_4.pdb,7.1939979
R1149TS081_5.pdb,7.1574597
R1149TS091_1.pdb,11.4003277
R1149TS091_2.pdb,11.3873501
R1149TS091_3.pdb,11.5257969
R1149TS091_4.pdb,11.8700867
R1149TS091_5.pdb,11.4893093
R1149TS097_1.pdb,11.0400333
R1149TS097_2.pdb,12.2640285
R1149TS110_1.pdb,7.0522709
R1149TS110_2.pdb,7.5856247
R1149TS110_3.pdb,7.6823182
R1149TS110_4.pdb,7.5317993
R1149TS119_1.pdb,6.2640905
R1149TS119_2.pdb,5.9390926
R1149TS119_3.pdb,6.0589485
R1149TS119_4.pdb,6.5377326
R1149TS119_5.pdb,6.2104216
R1149TS125_1.pdb,6.2272453
R1149TS125_2.pdb,6.4507155
R1149TS125_3.pdb,6.3399048
R1149TS125_4.pdb,6.8990779
R1149TS125_5.pdb,7.1097670
R1149TS128_1.pdb,8.0714684
R1149TS128_2.pdb,6.4869504
R1149TS128_3.pdb,6.6134615
R1149TS128_4.pdb,6.6045108
R1149TS128_5.pdb,6.4113240
R1149TS131_1.pdb,11.5108871
R1149TS131_2.pdb,10.1757812
R1149TS131_3.pdb,9.7305622
R1149TS131_4.pdb,10.8585052
R1149TS131_5.pdb,10.5947971
R1149TS147_1.pdb,6.4591417
R1149TS147_2.pdb,6.3452439
R1149TS147_3.pdb,6.5116906
R1149TS147_4.pdb,6.6581492
R1149TS147_5.pdb,6.4923182
R1149TS177_1.pdb,9.5395927
R1149TS185_1.pdb,7.1405492
R1149TS185_2.pdb,7.3099861
R1149TS185_3.pdb,7.0567284
R1149TS185_4.pdb,7.3572516
R1149TS185_5.pdb,7.5088077
R1149TS227_1.pdb,6.7753954
R1149TS227_2.pdb,6.9663486
R1149TS227_3.pdb,6.7029147
R1149TS227_4.pdb,6.2981639
R1149TS227_5.pdb,6.7071786
R1149TS229_1.pdb,7.5644560
R1149TS229_2.pdb,8.1287537
R1149TS229_3.pdb,7.1513562
R1149TS229_4.pdb,7.9941177
R1149TS229_5.pdb,7.6816087
R1149TS232_1.pdb,6.0139322
R1149TS232_2.pdb,6.0152240
R1149TS232_3.pdb,6.0247273
R1149TS232_4.pdb,6.2171073
R1149TS232_5.pdb,6.0016980
R1149TS235_1.pdb,7.3257051
R1149TS235_2.pdb,7.2614746
R1149TS235_3.pdb,7.1417732
R1149TS235_4.pdb,7.3156948
R1149TS235_5.pdb,7.5303016
R1149TS238_1.pdb,7.6382022
R1149TS238_2.pdb,9.6907063
R1149TS239_1.pdb,7.5281940
R1149TS239_2.pdb,8.2185879
R1149TS239_3.pdb,7.7103534
R1149TS239_4.pdb,7.0053473
R1149TS239_5.pdb,7.6339850
R1149TS245_1.pdb,10.4392262
R1149TS245_2.pdb,9.7206059
R1149TS245_3.pdb,10.0286579
R1149TS245_4.pdb,9.4395065
R1149TS245_5.pdb,11.4156876
R1149TS248_1.pdb,6.5599256
R1149TS248_2.pdb,6.3310051
R1149TS248_3.pdb,6.4972811
R1149TS248_4.pdb,6.6505957
R1149TS248_5.pdb,6.4970965
R1149TS287_1.pdb,6.7694397
R1149TS287_2.pdb,6.6983957
R1149TS287_3.pdb,6.3379273
R1149TS287_4.pdb,6.4347887
R1149TS287_5.pdb,6.5290198
R1149TS385_1.pdb,10.8448524
R1149TS385_2.pdb,9.7484417
R1149TS385_3.pdb,10.6189308
R1149TS385_4.pdb,10.0355511
R1149TS385_5.pdb,11.7747822
R1149TS392_1.pdb,7.7222071
R1149TS392_2.pdb,9.2159920
R1149TS392_3.pdb,8.1475210
R1149TS392_4.pdb,7.7416725
R1149TS392_5.pdb,7.0211210
R1149TS416_1.pdb,7.0047617
R1149TS416_2.pdb,7.9953275
R1149TS416_3.pdb,6.3399048
R1149TS416_4.pdb,6.8990779
R1149TS416_5.pdb,7.1097670
R1149TS434_1.pdb,6.5292897
R1149TS434_2.pdb,6.2395945
R1149TS434_3.pdb,6.4058785
R1149TS434_4.pdb,6.5330439
R1149TS434_5.pdb,6.3450027
R1149TS470_1.pdb,8.0324812
R1149TS470_2.pdb,7.9285312
R1149TS470_3.pdb,8.1543531
R1149TS470_4.pdb,8.4246578
R1149TS470_5.pdb,8.1922235
R1149TS489_1.pdb,8.0324812
R1149TS489_2.pdb,7.9285312
R1149TS489_3.pdb,8.1543531
R1149TS489_4.pdb,8.4246578
R1149TS489_5.pdb,8.1922235
R1156TS029_1.pdb,9.8386936
R1156TS029_2.pdb,10.6141510
R1156TS029_3.pdb,9.4667130
R1156TS029_4.pdb,10.6816788
R1156TS029_5.pdb,8.5762482
R1156TS035_1.pdb,6.3979721
R1156TS035_2.pdb,6.2069383
R1156TS035_3.pdb,6.2992597
R1156TS035_4.pdb,6.7261600
R1156TS035_5.pdb,6.1060405
R1156TS054_1.pdb,6.5587845
R1156TS054_2.pdb,6.7183084
R1156TS054_3.pdb,6.9513350
R1156TS054_4.pdb,7.0959005
R1156TS054_5.pdb,6.5725722
R1156TS076_1.pdb,6.0188317
R1156TS076_2.pdb,6.2492909
R1156TS076_3.pdb,6.3600135
R1156TS076_4.pdb,6.3388548
R1156TS076_5.pdb,6.4774313
R1156TS081_1.pdb,7.1236157
R1156TS081_2.pdb,6.9333348
R1156TS081_3.pdb,7.2806835
R1156TS081_4.pdb,7.0568271
R1156TS081_5.pdb,7.0146236
R1156TS091_1.pdb,11.4312515
R1156TS091_2.pdb,11.7799034
R1156TS091_3.pdb,11.6775608
R1156TS091_4.pdb,11.5166206
R1156TS091_5.pdb,11.3655949
R1156TS097_1.pdb,12.6169910
R1156TS097_2.pdb,13.0378056
R1156TS097_3.pdb,12.9556065
R1156TS110_1.pdb,6.6009479
R1156TS110_2.pdb,6.7139602
R1156TS110_3.pdb,6.7241058
R1156TS110_4.pdb,7.5156317
R1156TS110_5.pdb,7.9410906
R1156TS119_1.pdb,6.4830642
R1156TS119_2.pdb,6.2419209
R1156TS119_3.pdb,6.1949201
R1156TS119_4.pdb,6.5187922
R1156TS119_5.pdb,6.7678604
R1156TS125_1.pdb,6.9170265
R1156TS125_2.pdb,6.7358217
R1156TS125_3.pdb,6.7600956
R1156TS125_4.pdb,7.0959005
R1156TS125_5.pdb,7.1284652
R1156TS128_1.pdb,6.4168730
R1156TS128_2.pdb,6.2820082
R1156TS128_3.pdb,6.7418537
R1156TS128_4.pdb,6.7315550
R1156TS128_5.pdb,6.9797440
R1156TS131_1.pdb,10.7586823
R1156TS131_2.pdb,10.1553860
R1156TS131_3.pdb,10.4117622
R1156TS131_4.pdb,8.5354767
R1156TS131_5.pdb,8.4378777
R1156TS147_1.pdb,7.0199223
R1156TS147_2.pdb,6.8538570
R1156TS147_3.pdb,7.4382992
R1156TS147_4.pdb,6.7830172
R1156TS147_5.pdb,7.4660544
R1156TS177_1.pdb,9.4455109
R1156TS185_1.pdb,7.9214058
R1156TS185_2.pdb,8.5533695
R1156TS185_3.pdb,8.4986458
R1156TS185_4.pdb,8.4581852
R1156TS185_5.pdb,9.3243465
R1156TS227_1.pdb,6.9429927
R1156TS227_2.pdb,7.1385465
R1156TS227_3.pdb,6.8234963
R1156TS227_4.pdb,6.9984484
R1156TS227_5.pdb,6.8864069
R1156TS229_1.pdb,7.0671082
R1156TS229_2.pdb,7.0551734
R1156TS229_3.pdb,8.5318317
R1156TS229_4.pdb,8.9716759
R1156TS229_5.pdb,8.5496082
R1156TS232_1.pdb,6.4253120
R1156TS232_2.pdb,6.4195819
R1156TS232_3.pdb,6.6553650
R1156TS232_4.pdb,6.3898182
R1156TS232_5.pdb,6.5215249
R1156TS235_1.pdb,7.1914835
R1156TS235_2.pdb,7.2354894
R1156TS235_3.pdb,6.9096642
R1156TS235_4.pdb,7.0611272
R1156TS235_5.pdb,6.5756359
R1156TS238_1.pdb,8.0276098
R1156TS238_3.pdb,8.4572029
R1156TS238_4.pdb,8.3142853
R1156TS238_5.pdb,8.5757942
R1156TS239_1.pdb,7.0671082
R1156TS239_2.pdb,7.5847468
R1156TS239_3.pdb,8.5496082
R1156TS239_4.pdb,8.5613651
R1156TS239_5.pdb,8.5318317
R1156TS245_1.pdb,11.3274441
R1156TS245_2.pdb,10.6948509
R1156TS245_3.pdb,10.7198830
R1156TS245_4.pdb,10.6106548
R1156TS245_5.pdb,10.8248844
R1156TS248_1.pdb,6.3979721
R1156TS248_2.pdb,6.2069383
R1156TS248_3.pdb,6.5279841
R1156TS248_4.pdb,6.1060405
R1156TS248_5.pdb,6.6587954
R1156TS287_1.pdb,6.7519846
R1156TS287_2.pdb,7.0740218
R1156TS287_3.pdb,6.6255674
R1156TS287_4.pdb,6.8021860
R1156TS287_5.pdb,6.7858248
R1156TS385_1.pdb,11.3274441
R1156TS392_1.pdb,7.1243005
R1156TS392_2.pdb,6.4003267
R1156TS392_3.pdb,7.3750806
R1156TS392_4.pdb,7.4072323
R1156TS392_5.pdb,7.5465546
R1156TS416_1.pdb,6.5719695
R1156TS416_2.pdb,6.9170265
R1156TS416_3.pdb,7.3936191
R1156TS416_4.pdb,7.3365402
R1156TS416_5.pdb,7.0959005
R1156TS434_1.pdb,7.5371461
R1156TS434_2.pdb,6.7738495
R1156TS434_3.pdb,6.6096807
R1156TS434_4.pdb,6.9099936
R1156TS434_5.pdb,7.1608191
R1156TS439_1.pdb,7.0551734
R1156TS439_2.pdb,7.3113279
R1156TS439_3.pdb,7.2176456
R1156TS439_4.pdb,7.0671082
R1156TS439_5.pdb,7.5230718
R1156TS470_1.pdb,7.9550390
R1156TS470_2.pdb,7.9332027
R1156TS470_3.pdb,8.0073833
R1156TS470_4.pdb,8.1775951
R1156TS470_5.pdb,7.9965944
R1156TS489_1.pdb,7.9550390
R1156TS489_2.pdb,7.9332027
R1156TS489_3.pdb,8.0073833
R1156TS489_4.pdb,8.1775951
R1156TS489_5.pdb,7.9965944
R1189TS029_1.pdb,9.7574081
R1189TS029_2.pdb,9.2812843
R1189TS029_3.pdb,8.9039249
R1189TS035_1.pdb,6.8973231
R1189TS035_2.pdb,6.8916068
R1189TS035_3.pdb,6.5868101
R1189TS035_4.pdb,7.3275223
R1189TS035_5.pdb,7.3020883
R1189TS054_1.pdb,6.9332557
R1189TS054_2.pdb,6.9332557
R1189TS054_3.pdb,6.9332557
R1189TS054_4.pdb,6.9332557
R1189TS054_5.pdb,7.2637382
R1189TS076_1.pdb,5.9433823
R1189TS076_2.pdb,6.1194177
R1189TS076_3.pdb,5.9949074
R1189TS076_4.pdb,6.0188890
R1189TS076_5.pdb,6.2834048
R1189TS081_1.pdb,8.9717140
R1189TS081_2.pdb,8.8797302
R1189TS081_3.pdb,8.7953033
R1189TS081_4.pdb,8.8411350
R1189TS081_5.pdb,8.5579739
R1189TS097_1.pdb,10.8729076
R1189TS097_2.pdb,11.3588638
R1189TS119_1.pdb,10.1373501
R1189TS119_2.pdb,9.7778301
R1189TS119_3.pdb,9.8278942
R1189TS119_4.pdb,9.8062611
R1189TS119_5.pdb,10.0322533
R1189TS125_1.pdb,6.9332557
R1189TS125_2.pdb,6.9332557
R1189TS125_3.pdb,6.9332557
R1189TS125_4.pdb,6.9332557
R1189TS125_5.pdb,6.9332557
R1189TS131_1.pdb,9.7191296
R1189TS131_2.pdb,9.6478710
R1189TS131_3.pdb,9.5811310
R1189TS131_4.pdb,9.7819901
R1189TS131_5.pdb,9.4643230
R1189TS147_1.pdb,10.6893806
R1189TS147_2.pdb,8.6213894
R1189TS147_3.pdb,9.0205975
R1189TS147_4.pdb,9.3567066
R1189TS147_5.pdb,9.5304451
R1189TS177_1.pdb,8.8501472
R1189TS177_2.pdb,9.0016613
R1189TS177_3.pdb,8.6919842
R1189TS185_1.pdb,9.5879612
R1189TS185_2.pdb,10.1814632
R1189TS185_3.pdb,9.6567154
R1189TS185_4.pdb,10.1090374
R1189TS185_5.pdb,9.4207306
R1189TS227_5.pdb,9.6362400
R1189TS229_1.pdb,7.9211020
R1189TS229_2.pdb,7.7835760
R1189TS229_3.pdb,7.4900956
R1189TS229_4.pdb,7.5756378
R1189TS229_5.pdb,7.6476464
R1189TS232_1.pdb,9.2119026
R1189TS232_2.pdb,9.6068134
R1189TS232_3.pdb,9.7072201
R1189TS232_4.pdb,9.3826828
R1189TS232_5.pdb,9.3997936
R1189TS235_1.pdb,6.9629540
R1189TS235_2.pdb,7.1278925
R1189TS235_3.pdb,6.6584830
R1189TS235_4.pdb,7.2312984
R1189TS235_5.pdb,7.2126632
R1189TS239_1.pdb,7.9251356
R1189TS239_2.pdb,7.7903786
R1189TS239_3.pdb,7.4969120
R1189TS239_4.pdb,7.5756378
R1189TS239_5.pdb,7.6454339
R1189TS245_1.pdb,9.6376324
R1189TS245_2.pdb,9.9217148
R1189TS245_3.pdb,9.6864758
R1189TS245_4.pdb,10.1182060
R1189TS245_5.pdb,10.4369698
R1189TS257_1.pdb,10.2238064
R1189TS257_2.pdb,9.9314823
R1189TS257_3.pdb,10.0502777
R1189TS257_4.pdb,9.9920292
R1189TS257_5.pdb,9.8101730
R1189TS287_1.pdb,9.2911949
R1189TS287_2.pdb,9.5067654
R1189TS287_3.pdb,9.1094170
R1189TS287_4.pdb,9.2291813
R1189TS287_5.pdb,9.1485901
R1189TS385_1.pdb,9.6376324
R1189TS392_1.pdb,9.8119678
R1189TS392_2.pdb,9.3624783
R1189TS392_3.pdb,9.8058014
R1189TS392_4.pdb,9.7809544
R1189TS392_5.pdb,9.7605171
R1189TS434_4.pdb,8.3766212
R1189TS439_1.pdb,12.1627254
R1189TS439_2.pdb,11.8709373
R1189TS439_3.pdb,7.4900956
R1189TS439_4.pdb,7.5756378
R1189TS439_5.pdb,7.6476464
R1189TS444_1.pdb,9.3869247
R1189TS444_2.pdb,9.2404270
R1189TS444_3.pdb,9.3042088
R1189TS444_4.pdb,9.2242603
R1189TS444_5.pdb,9.6967297
R1189TS470_1.pdb,9.4323540
R1189TS470_2.pdb,9.2534676
R1189TS470_3.pdb,8.5911732
R1189TS470_4.pdb,8.6059322
R1189TS470_5.pdb,8.4363537
R1189TS489_1.pdb,9.4323540
R1189TS489_2.pdb,9.2534676
R1189TS489_3.pdb,8.5911732
R1189TS489_4.pdb,8.6059322
R1189TS489_5.pdb,8.4363537
R1189TS494_1.pdb,9.6040630
R1189TS494_2.pdb,9.6603642
R1189TS494_3.pdb,9.4238586
R1189TS494_4.pdb,9.5058098
R1189TS494_5.pdb,9.7508106
R1190TS029_1.pdb,9.8782749
R1190TS029_2.pdb,9.5195122
R1190TS029_3.pdb,9.1681232
R1190TS035_1.pdb,7.3797789
R1190TS035_2.pdb,7.3781013
R1190TS035_3.pdb,7.3713846
R1190TS035_4.pdb,6.2609634
R1190TS035_5.pdb,6.5882697
R1190TS054_1.pdb,6.9332557
R1190TS054_2.pdb,6.9332557
R1190TS054_3.pdb,6.9332557
R1190TS054_4.pdb,6.9332557
R1190TS054_5.pdb,7.2637382
R1190TS076_1.pdb,5.9433823
R1190TS076_2.pdb,6.1194177
R1190TS076_3.pdb,5.9949074
R1190TS076_4.pdb,6.0188890
R1190TS076_5.pdb,6.2834048
R1190TS081_1.pdb,8.6129093
R1190TS081_2.pdb,8.9362164
R1190TS081_3.pdb,8.6384296
R1190TS081_4.pdb,8.7301407
R1190TS081_5.pdb,8.8063049
R1190TS097_1.pdb,11.9811535
R1190TS119_1.pdb,9.6496296
R1190TS119_2.pdb,10.1874981
R1190TS119_3.pdb,9.2538548
R1190TS119_4.pdb,9.4514790
R1190TS119_5.pdb,9.1836605
R1190TS125_1.pdb,6.9332557
R1190TS125_2.pdb,6.9332557
R1190TS125_3.pdb,6.9332557
R1190TS125_4.pdb,6.9332557
R1190TS125_5.pdb,6.9332557
R1190TS131_1.pdb,9.4675884
R1190TS131_2.pdb,9.2948189
R1190TS131_3.pdb,9.1788750
R1190TS131_4.pdb,9.2575169
R1190TS131_5.pdb,9.4521980
R1190TS147_1.pdb,9.4338093
R1190TS147_2.pdb,9.0426464
R1190TS147_4.pdb,7.9431982
R1190TS147_5.pdb,9.5161934
R1190TS177_1.pdb,8.8501472
R1190TS177_2.pdb,9.0016613
R1190TS177_3.pdb,8.6919842
R1190TS185_1.pdb,9.4700165
R1190TS185_2.pdb,9.1378250
R1190TS185_3.pdb,9.2119446
R1190TS185_4.pdb,9.3242416
R1190TS185_5.pdb,9.1983452
R1190TS229_1.pdb,7.9199071
R1190TS229_2.pdb,7.7908211
R1190TS229_3.pdb,7.4906669
R1190TS229_4.pdb,7.5733380
R1190TS229_5.pdb,7.6404719
R1190TS232_1.pdb,8.6827297
R1190TS232_2.pdb,8.8146400
R1190TS232_3.pdb,9.0853539
R1190TS232_4.pdb,9.0414581
R1190TS232_5.pdb,8.3597946
R1190TS235_1.pdb,7.1346383
R1190TS235_2.pdb,7.3329840
R1190TS235_3.pdb,7.4877586
R1190TS235_4.pdb,7.4785790
R1190TS235_5.pdb,7.6801877
R1190TS239_1.pdb,7.9199071
R1190TS239_2.pdb,7.7881002
R1190TS239_3.pdb,7.4906669
R1190TS239_4.pdb,7.5829897
R1190TS239_5.pdb,7.6404719
R1190TS245_1.pdb,10.0525856
R1190TS245_2.pdb,10.0351048
R1190TS245_3.pdb,10.0768566
R1190TS245_4.pdb,9.5068092
R1190TS245_5.pdb,9.4444122
R1190TS257_1.pdb,9.5134525
R1190TS257_2.pdb,9.7579727
R1190TS257_3.pdb,9.9278564
R1190TS257_4.pdb,9.5207424
R1190TS257_5.pdb,9.6352634
R1190TS287_1.pdb,8.9057980
R1190TS287_2.pdb,8.5907192
R1190TS287_3.pdb,8.7285805
R1190TS287_4.pdb,8.4539509
R1190TS287_5.pdb,8.7527027
R1190TS385_1.pdb,10.0525856
R1190TS392_1.pdb,9.8729801
R1190TS392_2.pdb,9.7663212
R1190TS392_3.pdb,9.7875023
R1190TS392_4.pdb,9.6257076
R1190TS392_5.pdb,9.4742260
R1190TS439_1.pdb,7.9199071
R1190TS439_2.pdb,7.7908211
R1190TS439_3.pdb,7.4906669
R1190TS439_4.pdb,7.5733380
R1190TS439_5.pdb,7.6412816
R1190TS444_1.pdb,9.2364597
R1190TS444_2.pdb,9.2910347
R1190TS444_3.pdb,8.9689503
R1190TS444_4.pdb,9.3117085
R1190TS444_5.pdb,9.2014427
R1190TS470_1.pdb,9.2266560
R1190TS470_2.pdb,8.8553829
R1190TS470_3.pdb,8.9491749
R1190TS470_4.pdb,8.9630299
R1190TS470_5.pdb,8.3038855
R1190TS489_1.pdb,9.2266560
R1190TS489_2.pdb,8.8553829
R1190TS489_3.pdb,8.9491749
R1190TS489_4.pdb,8.9630299
R1190TS489_5.pdb,8.3038855
R1190TS494_1.pdb,9.7084312
R1190TS494_2.pdb,9.8033714
R1190TS494_3.pdb,9.6825962
R1190TS494_4.pdb,9.4985332
R1190TS494_5.pdb,9.6188393
R1138TS029_1.pdb,9.4400940
R1138TS029_2.pdb,9.4400940
R1138TS035_1.pdb,7.1906929
R1138TS035_2.pdb,7.0766072
R1138TS035_3.pdb,6.9647460
R1138TS035_4.pdb,7.1003771
R1138TS035_5.pdb,7.1745300
R1138TS054_1.pdb,7.0462065
R1138TS054_2.pdb,6.5651879
R1138TS054_3.pdb,6.8499045
R1138TS054_4.pdb,6.8735337
R1138TS054_5.pdb,6.6820664
R1138TS076_1.pdb,6.7011065
R1138TS076_2.pdb,6.5715299
R1138TS076_3.pdb,6.8456855
R1138TS076_4.pdb,7.1009202
R1138TS076_5.pdb,7.6883941
R1138TS081_1.pdb,5.6923695
R1138TS081_2.pdb,5.8497710
R1138TS081_3.pdb,5.7729125
R1138TS081_4.pdb,5.7872152
R1138TS081_5.pdb,5.9162621
R1138TS097_1.pdb,13.2843723
R1138TS097_2.pdb,13.4978848
R1138TS097_3.pdb,13.5502968
R1138TS097_4.pdb,13.2913628
R1138TS097_5.pdb,13.4953651
R1138TS119_1.pdb,7.7555647
R1138TS119_2.pdb,6.9938827
R1138TS119_3.pdb,6.5560861
R1138TS119_4.pdb,6.9590230
R1138TS119_5.pdb,7.0699477
R1138TS125_1.pdb,6.5715299
R1138TS125_2.pdb,6.8770614
R1138TS125_3.pdb,6.6987391
R1138TS125_4.pdb,6.5275083
R1138TS125_5.pdb,6.7011065
R1138TS128_1.pdb,6.6511102
R1138TS128_2.pdb,6.7826233
R1138TS128_3.pdb,6.4621229
R1138TS128_4.pdb,6.6124439
R1138TS128_5.pdb,6.5843291
R1138TS131_1.pdb,11.4274769
R1138TS131_2.pdb,11.4205112
R1138TS131_3.pdb,11.5588398
R1138TS131_4.pdb,11.2789249
R1138TS131_5.pdb,11.3380280
R1138TS147_1.pdb,6.7873430
R1138TS147_2.pdb,6.7704782
R1138TS147_3.pdb,6.7774205
R1138TS147_4.pdb,6.7247472
R1138TS147_5.pdb,6.5813818
R1138TS177_1.pdb,10.3937073
R1138TS185_1.pdb,8.6732044
R1138TS185_2.pdb,8.1211281
R1138TS185_3.pdb,8.8615189
R1138TS185_4.pdb,8.4290581
R1138TS185_5.pdb,12.1143417
R1138TS227_1.pdb,6.9045763
R1138TS227_2.pdb,6.7873750
R1138TS227_3.pdb,6.9116716
R1138TS227_4.pdb,6.7801166
R1138TS227_5.pdb,6.6567321
R1138TS229_3.pdb,9.4700031
R1138TS229_4.pdb,7.6883941
R1138TS229_5.pdb,8.5115643
R1138TS232_1.pdb,5.9156570
R1138TS232_2.pdb,5.8558402
R1138TS232_3.pdb,5.8247528
R1138TS232_4.pdb,5.7778707
R1138TS232_5.pdb,5.8057022
R1138TS235_1.pdb,9.7254143
R1138TS235_2.pdb,9.3457279
R1138TS239_2.pdb,9.4700031
R1138TS239_3.pdb,8.5115643
R1138TS239_4.pdb,7.6883941
R1138TS239_5.pdb,9.2930222
R1138TS245_1.pdb,10.1799469
R1138TS245_2.pdb,10.1504650
R1138TS245_3.pdb,9.6279850
R1138TS245_4.pdb,9.9901333
R1138TS245_5.pdb,9.8500443
R1138TS248_1.pdb,7.1906929
R1138TS248_2.pdb,7.0766072
R1138TS248_3.pdb,6.9647460
R1138TS248_4.pdb,7.1003771
R1138TS248_5.pdb,7.1745300
R1138TS287_1.pdb,6.1368918
R1138TS287_2.pdb,6.6872087
R1138TS287_3.pdb,6.4220676
R1138TS287_4.pdb,7.1962442
R1138TS287_5.pdb,7.1849761
R1138TS385_1.pdb,10.1799469
R1138TS392_1.pdb,7.9274578
R1138TS392_2.pdb,7.0153689
R1138TS392_3.pdb,6.7582846
R1138TS392_4.pdb,7.0423899
R1138TS392_5.pdb,6.9418774
R1138TS416_1.pdb,6.5715299
R1138TS416_2.pdb,9.4700031
R1138TS416_3.pdb,6.6987391
R1138TS416_4.pdb,7.6883941
R1138TS416_5.pdb,6.7011065
R1138TS434_1.pdb,6.5708508
R1138TS434_2.pdb,6.6833777
R1138TS434_3.pdb,6.5364656
R1138TS434_4.pdb,6.8351679
R1138TS434_5.pdb,6.8014889
R1138TS439_1.pdb,6.7011065
R1138TS439_2.pdb,6.8770614
R1138TS439_3.pdb,6.5715299
R1138TS439_4.pdb,7.6883941
R1138TS439_5.pdb,8.5115643
R1138TS470_1.pdb,9.0415249
R1138TS470_2.pdb,9.3137894
R1138TS470_3.pdb,9.3134613
R1138TS470_4.pdb,9.4205990
R1138TS470_5.pdb,9.1307316
R1138TS489_1.pdb,8.5944328
R1138TS489_2.pdb,9.2425137
R1138TS489_3.pdb,9.0463200
R1138TS489_4.pdb,9.6459904
R1138TS489_5.pdb,9.0037804
