,ID,3drna,cgrnaspc,cgrnasppc,cgrnasp_cn,cgrnasp,dfire,rna3dcnn,rna3dcnn_mc,rsrnasp,lociPARSE
0,R1189TS054_3.pdb,24.8118,-1435.396876 kBT,-403.589840 kBT,-321.884900 kBT,-685.313612 kBT,-87415.997546,67.48031,78.8878,-9447.384239 kBT,0.7
1,R1189TS392_4.pdb,23.8355,-675.801461 kBT,-270.547089 kBT,-169.129515 kBT,-393.326097 kBT,-64481.281988,79.10781,85.86679,-4815.367469 kBT,0.63
2,R1189TS494_5.pdb,24.0958,-1128.773494 kBT,-345.851491 kBT,-215.358997 kBT,-502.093587 kBT,-68139.496318,81.76354,88.65347,-6047.062568 kBT,0.64
3,R1189TS494_1.pdb,19.6827,-1114.871760 kBT,-341.038775 kBT,-251.411209 kBT,-517.328779 kBT,-69376.348949,79.24247,89.61705,-6579.520752 kBT,0.64
4,R1189TS392_5.pdb,19.6831,-774.641059 kBT,-264.631369 kBT,-189.189352 kBT,-390.243877 kBT,-63187.042259,79.28885,86.20091,-4416.991770 kBT,0.63
5,R1189TS177_3.pdb,19.7093,-1417.633628 kBT,-425.972049 kBT,-220.977206 kBT,-612.813188 kBT,-89519.890528,54.53438,94.95239,-6335.320627 kBT,0.52
6,R1189TS245_2.pdb,20.0265,-1121.908246 kBT,-317.349072 kBT,-241.270910 kBT,-471.375962 kBT,-70609.985744,79.14762,84.2692,-5056.669318 kBT,0.54
7,R1189TS434_2.pdb,20.0267,-949.829641 kBT,-272.943938 kBT,-219.276899 kBT,-439.857500 kBT,-66598.567311,79.06337,83.9796,-5948.496906 kBT,0.6
8,R1189TS287_2.pdb,19.996,-831.575797 kBT,-278.715617 kBT,-233.468185 kBT,-420.818704 kBT,-69895.944195,75.34648,82.4508,-5776.668420 kBT,0.66
9,R1189TS238_1.pdb,19.996,-1797.829486 kBT,-400.129859 kBT,46.522281 kBT,-674.186327 kBT,-68004.211012,21.858759,109.57151,-11192.819952 kBT,0.5
10,R1189TS054_2.pdb,19.996,-1435.396876 kBT,-403.589840 kBT,-321.884900 kBT,-685.313612 kBT,-87415.997546,67.48031,78.8878,-9447.384239 kBT,0.7
11,R1189TS177_1.pdb,19.996,-1532.541746 kBT,-427.968034 kBT,-319.315321 kBT,-646.607094 kBT,-92798.80029,60.011044,95.557335,-6740.107991 kBT,0.55
12,R1189TS257_3.pdb,20.1611,-840.976465 kBT,-309.683355 kBT,-189.702975 kBT,-458.911026 kBT,-57778.692704,81.883705,87.53552,-4332.092175 kBT,0.59
13,R1189TS489_4.pdb,19.498,-992.379174 kBT,-370.782404 kBT,-278.942882 kBT,-510.324533 kBT,-71963.347395,66.15994,93.90632,-7585.567085 kBT,0.58
14,R1189TS434_1.pdb,19.7905,-984.905444 kBT,-269.153196 kBT,-249.390259 kBT,-426.674066 kBT,-63634.410612,83.59551,83.43984,-5256.404163 kBT,0.55
15,R1189TS489_3.pdb,19.9525,-1132.677599 kBT,-400.384850 kBT,-325.135302 kBT,-622.352199 kBT,-78825.752642,70.59693,92.231316,-8480.439362 kBT,0.59
16,R1189TS392_2.pdb,19.8689,-694.653236 kBT,-261.144897 kBT,-161.123208 kBT,-366.095253 kBT,-63786.914831,78.66681,85.908134,-4348.886915 kBT,0.63
17,R1189TS035_3.pdb,19.9862,-1808.423395 kBT,-462.498976 kBT,-399.631339 kBT,-839.726613 kBT,-101882.50297,58.287895,79.451454,-12929.505172 kBT,0.68
18,R1189TS097_2.pdb,22.84,-561.079737 kBT,-184.437940 kBT,-169.060681 kBT,-299.304573 kBT,-50037.009002,85.54483,90.5787,-3133.314150 kBT,0.56
19,R1189TS119_2.pdb,22.8069,-831.143303 kBT,-325.271707 kBT,-164.601600 kBT,-426.403349 kBT,-67648.87959,83.08013,88.11718,-5711.564808 kBT,0.64
20,R1189TS131_5.pdb,22.5366,-1079.724618 kBT,-339.160809 kBT,-211.223009 kBT,-489.679122 kBT,-68789.662676,80.412704,89.51333,-6288.142820 kBT,0.64
21,R1189TS239_2.pdb,22.5613,-1036.108920 kBT,-285.828665 kBT,-235.335193 kBT,-476.089433 kBT,-77458.571005,67.097275,83.07603,-5918.229761 kBT,0.62
22,R1189TS054_5.pdb,22.4558,-1426.008418 kBT,-392.069985 kBT,-307.324121 kBT,-665.373766 kBT,-84779.793898,65.72883,79.86565,-8153.542258 kBT,0.7
23,R1189TS257_4.pdb,24.4783,-852.397220 kBT,-289.487956 kBT,-194.061469 kBT,-433.441468 kBT,-59176.922334,80.637794,87.1437,-4582.668165 kBT,0.59
24,R1189TS125_2.pdb,24.6681,-1435.396876 kBT,-403.589840 kBT,-321.884900 kBT,-685.313612 kBT,-87415.997546,67.48031,78.8878,-9447.384239 kBT,0.7
25,R1189TS227_2.pdb,23.2725,-1121.230802 kBT,-301.562399 kBT,-244.648352 kBT,-507.836970 kBT,-70263.552179,77.788216,85.723305,-6103.935635 kBT,0.57
26,R1189TS439_3.pdb,23.1506,-1090.561479 kBT,-285.557668 kBT,-291.966113 kBT,-551.189774 kBT,-81771.580538,65.56432,81.841225,-7178.541478 kBT,0.62
27,R1189TS489_1.pdb,23.0694,-966.776367 kBT,-332.233478 kBT,-239.055636 kBT,-483.496102 kBT,-69009.025865,69.864044,91.42633,-7119.572879 kBT,0.57
28,R1189TS494_2.pdb,23.1194,-1141.202314 kBT,-343.309192 kBT,-249.119735 kBT,-517.087458 kBT,-69840.148122,79.13494,89.34726,-6708.632754 kBT,0.65
29,R1189TS097_1.pdb,23.6808,-656.916398 kBT,-200.561079 kBT,-178.468858 kBT,-350.813912 kBT,-52111.359004,84.25902,90.68702,-3591.512671 kBT,0.56
30,R1189TS489_2.pdb,19.996,-1098.401641 kBT,-369.133562 kBT,-293.684836 kBT,-556.123992 kBT,-69807.072704,69.3058,89.78985,-7782.404642 kBT,0.57
31,R1189TS232_2.pdb,19.996,-1196.375588 kBT,-332.053817 kBT,-298.398777 kBT,-599.265262 kBT,-74165.67712,72.97887,85.16369,-8721.196107 kBT,0.68
32,R1189TS185_1.pdb,19.996,-1147.990498 kBT,-337.127856 kBT,-239.945221 kBT,-528.641197 kBT,-67569.694456,79.26329,88.57892,-5725.338913 kBT,0.53
33,R1189TS470_1.pdb,19.996,-966.776367 kBT,-332.233478 kBT,-239.055636 kBT,-483.496102 kBT,-69009.025865,69.864044,91.42633,-7119.572879 kBT,0.57
34,R1189TS444_1.pdb,19.996,-846.322794 kBT,-280.866958 kBT,-244.166176 kBT,-443.868144 kBT,-66329.857074,80.35476,87.79869,-5501.608717 kBT,0.6
35,R1189TS147_5.pdb,22.9441,-1010.920871 kBT,-282.762913 kBT,-245.760163 kBT,-450.414924 kBT,-71520.789177,76.64958,82.17541,-5658.575644 kBT,0.58
36,R1189TS235_1.pdb,22.9235,-1379.194488 kBT,-379.223747 kBT,-306.495021 kBT,-662.505269 kBT,-89634.282801,62.09276,89.40478,-9651.119536 kBT,0.67
37,R1189TS131_3.pdb,23.0832,-1030.336493 kBT,-346.173672 kBT,-218.824894 kBT,-518.659542 kBT,-66898.596683,80.60624,89.89799,-5499.832160 kBT,0.63
38,R1189TS257_1.pdb,22.6668,-770.535286 kBT,-291.749810 kBT,-173.490197 kBT,-434.488608 kBT,-57198.837408,82.21369,88.55417,-4279.394117 kBT,0.6
39,R1189TS239_1.pdb,22.7746,-1078.040133 kBT,-300.014979 kBT,-243.025433 kBT,-509.197098 kBT,-80113.211457,68.72445,82.089676,-6248.128081 kBT,0.6
40,R1189TS035_4.pdb,24.2984,-1468.010828 kBT,-399.923830 kBT,-322.484443 kBT,-662.481801 kBT,-88157.234797,63.17597,79.5552,-9723.246735 kBT,0.65
41,R1189TS239_4.pdb,22.8372,-1813.797892 kBT,-458.134866 kBT,-390.594723 kBT,-771.112019 kBT,-91843.311879,63.292362,83.819595,-10742.397318 kBT,0.7
42,R1189TS444_3.pdb,22.9713,-962.780683 kBT,-309.862744 kBT,-245.505862 kBT,-503.514625 kBT,-69451.080581,79.83293,86.4806,-6341.198343 kBT,0.61
43,R1189TS147_1.pdb,23.336,-868.563284 kBT,-244.640765 kBT,-196.176051 kBT,-381.522121 kBT,-60685.684995,83.568855,84.93807,-4520.795977 kBT,0.53
44,R1189TS119_1.pdb,23.4721,-754.683901 kBT,-299.964289 kBT,-171.980441 kBT,-404.484316 kBT,-64951.402286,82.69173,89.08065,-4756.702264 kBT,0.64
45,R1189TS444_5.pdb,23.1719,-829.818944 kBT,-284.422422 kBT,-250.828405 kBT,-448.146154 kBT,-65799.546066,80.352486,87.8619,-5412.618021 kBT,0.59
46,R1189TS239_3.pdb,23.8074,-1089.887510 kBT,-285.399116 kBT,-292.238873 kBT,-552.455921 kBT,-81770.02117,65.566315,81.84563,-7179.527899 kBT,0.62
47,R1189TS185_3.pdb,23.1761,-1107.104579 kBT,-332.399428 kBT,-230.393399 kBT,-527.461645 kBT,-65023.090649,79.878044,87.725586,-5577.419258 kBT,0.53
48,R1189TS245_4.pdb,23.0968,-938.619225 kBT,-304.318031 kBT,-209.171251 kBT,-472.738462 kBT,-66039.241245,80.26735,83.87492,-4727.843502 kBT,0.53
49,R1189TS444_4.pdb,23.4028,-918.558050 kBT,-301.524173 kBT,-255.467100 kBT,-476.994933 kBT,-67609.248561,79.842125,86.903015,-6184.344512 kBT,0.6
50,R1189TS147_2.pdb,23.1788,-1230.585042 kBT,-335.156521 kBT,-298.215457 kBT,-573.010838 kBT,-77385.412145,74.28839,82.64687,-7547.317322 kBT,0.6
51,R1189TS081_2.pdb,23.5665,-989.799152 kBT,-306.842044 kBT,-222.287172 kBT,-473.276223 kBT,-67842.400811,75.42554,85.755684,-6958.203898 kBT,0.67
52,R1189TS248_4.pdb,23.0593,32122.406961 kBT,12342.508906 kBT,302985.783355 kBT,25490.926520 kBT,8931831.379879,-3632.979,1531.1985,389963.400476 kBT,0.24
53,R1189TS076_4.pdb,25.9585,-1591.798286 kBT,-433.095500 kBT,-369.060782 kBT,-750.900637 kBT,-95409.137906,62.604996,81.52938,-11551.572149 kBT,0.69
54,R1189TS385_1.pdb,26.2696,-1098.155025 kBT,-350.755865 kBT,-223.761123 kBT,-501.268111 kBT,-72503.120443,78.368286,85.40461,-4289.405216 kBT,0.56
55,R1189TS287_1.pdb,24.6145,-746.699755 kBT,-268.724844 kBT,-235.571388 kBT,-451.635889 kBT,-71481.150154,74.3911,83.19713,-6531.743679 kBT,0.66
56,R1189TS076_5.pdb,26.5491,-1779.941069 kBT,-474.773840 kBT,-388.958625 kBT,-810.089417 kBT,-97609.327987,64.35232,76.498314,-11566.635937 kBT,0.7
57,R1189TS248_5.pdb,26.4332,32269.860676 kBT,12466.484032 kBT,304887.075529 kBT,25736.915371 kBT,9046635.654362,-3615.6106,1558.5322,393651.743744 kBT,0.24
58,R1189TS119_5.pdb,21.4712,-922.092095 kBT,-340.988726 kBT,-157.308217 kBT,-440.552635 kBT,-65268.876756,82.79396,91.44051,-5198.374674 kBT,0.62
59,R1189TS029_2.pdb,21.1402,-1086.543797 kBT,-276.437720 kBT,-234.550540 kBT,-470.269564 kBT,-67239.582683,77.858406,88.31694,-4597.901801 kBT,0.56
60,R1189TS239_5.pdb,20.6703,-1694.197072 kBT,-397.737384 kBT,-340.440886 kBT,-665.806469 kBT,-86582.58461,64.1166,83.20114,-9859.669927 kBT,0.73
61,R1189TS439_5.pdb,20.7441,-1693.573104 kBT,-397.655683 kBT,-340.425745 kBT,-665.661405 kBT,-86577.858869,64.11598,83.20011,-9862.412231 kBT,0.73
62,R1189TS238_2.pdb,20.1781,-1041.131179 kBT,-269.721360 kBT,207.562630 kBT,-136.570280 kBT,-41514.580687,31.572628,108.48739,-2455.796789 kBT,0.48
63,R1189TS227_1.pdb,21.2232,-1156.494981 kBT,-324.810523 kBT,-227.160571 kBT,-500.958057 kBT,-78295.198511,74.82375,80.81321,-7297.299750 kBT,0.57
64,R1189TS470_4.pdb,21.312,-992.379174 kBT,-370.782404 kBT,-278.942882 kBT,-510.324533 kBT,-71963.347395,66.15994,93.90632,-7585.567085 kBT,0.58
65,R1189TS434_3.pdb,21.3591,-979.917222 kBT,-287.003809 kBT,-222.558720 kBT,-444.351952 kBT,-68768.139838,78.04906,82.673904,-5770.420733 kBT,0.58
66,R1189TS131_2.pdb,21.0614,-1147.685368 kBT,-364.994292 kBT,-226.479340 kBT,-553.732771 kBT,-69227.27429,81.14926,88.610306,-6147.570764 kBT,0.64
67,R1189TS434_5.pdb,21.2059,-1149.897484 kBT,-297.397083 kBT,-235.876117 kBT,-498.608226 kBT,-75219.216026,72.84911,79.74082,-6843.139012 kBT,0.59
68,R1189TS248_3.pdb,21.047,35062.111610 kBT,13632.041624 kBT,335600.778020 kBT,27871.218327 kBT,11600048.576196,-3919.1326,1824.5009,430700.728538 kBT,0.24
69,R1189TS119_3.pdb,21.1839,-776.995819 kBT,-307.229039 kBT,-160.393914 kBT,-391.463987 kBT,-66326.27458,81.67857,89.102394,-5415.104141 kBT,0.65
70,R1189TS470_5.pdb,21.1217,-1007.545219 kBT,-373.627107 kBT,-351.929308 kBT,-524.552718 kBT,-76152.052485,69.49413,93.45482,-7767.260993 kBT,0.59
71,R1189TS489_5.pdb,20.7223,-1007.545219 kBT,-373.627107 kBT,-351.929308 kBT,-524.552718 kBT,-76152.052485,69.49413,93.45482,-7767.260993 kBT,0.59
72,R1189TS029_1.pdb,21.3974,-1365.540611 kBT,-401.832376 kBT,-289.329320 kBT,-631.996619 kBT,-79239.466401,76.56171,86.491844,-6836.738149 kBT,0.55
73,R1189TS054_1.pdb,25.3652,-1435.396876 kBT,-403.589840 kBT,-321.884900 kBT,-685.313612 kBT,-87415.997546,67.48031,78.8878,-9447.384239 kBT,0.7
74,R1189TS185_2.pdb,25.7125,-942.221468 kBT,-308.461304 kBT,-215.447464 kBT,-485.594715 kBT,-61309.568877,81.073784,89.16802,-4807.094804 kBT,0.52
75,R1189TS392_1.pdb,21.4709,-731.447278 kBT,-260.489949 kBT,-172.811898 kBT,-390.622872 kBT,-64384.232974,78.772316,85.3709,-4972.413817 kBT,0.61
76,R1189TS185_4.pdb,21.1373,-1105.807519 kBT,-333.600114 kBT,-255.227314 kBT,-546.868876 kBT,-66622.867745,80.81227,88.84232,-6203.067911 kBT,0.53
77,R1189TS229_3.pdb,20.6751,-1090.561479 kBT,-285.557668 kBT,-291.966113 kBT,-551.189774 kBT,-81771.580538,65.56432,81.841225,-7178.541478 kBT,0.62
78,R1189TS076_1.pdb,20.7441,-1628.476213 kBT,-459.914575 kBT,-394.592077 kBT,-818.316055 kBT,-98019.668957,62.727444,78.22314,-11724.487640 kBT,0.72
79,R1189TS287_5.pdb,20.1781,-894.800052 kBT,-301.290870 kBT,-251.684753 kBT,-461.586457 kBT,-71896.714624,72.96548,82.21671,-6727.690267 kBT,0.66
80,R1189TS081_5.pdb,23.0368,-933.418914 kBT,-285.414202 kBT,-216.082420 kBT,-461.813079 kBT,-67658.438273,74.899376,85.687546,-6748.887986 kBT,0.72
81,R1189TS185_5.pdb,23.0896,-1078.522889 kBT,-332.923226 kBT,-249.641042 kBT,-534.674558 kBT,-68421.261333,78.516396,88.08948,-5653.770087 kBT,0.52
82,R1189TS257_5.pdb,22.9077,-847.294093 kBT,-306.338488 kBT,-182.814358 kBT,-446.821186 kBT,-56580.699152,81.9933,86.70814,-3920.858821 kBT,0.61
83,R1189TS229_2.pdb,23.1633,-1036.256055 kBT,-285.805966 kBT,-236.272736 kBT,-476.113617 kBT,-77459.902724,67.10298,83.072495,-5916.671375 kBT,0.62
84,R1189TS081_3.pdb,23.7093,-1020.079220 kBT,-303.136861 kBT,-230.044089 kBT,-480.455211 kBT,-67890.983984,75.41122,85.99482,-6688.374761 kBT,0.7
85,R1189TS287_3.pdb,134.42,-803.182979 kBT,-255.534064 kBT,-245.170457 kBT,-396.341765 kBT,-70948.272866,73.55159,83.42697,-6682.772383 kBT,0.65
86,R1189TS257_2.pdb,138.4,-796.120732 kBT,-301.785388 kBT,-199.732747 kBT,-437.810938 kBT,-58512.408661,79.58428,88.084015,-4704.964899 kBT,0.61
87,R1189TS227_4.pdb,126.448,-1271.086981 kBT,-310.517180 kBT,-285.908211 kBT,-526.527029 kBT,-79302.002591,75.283775,79.68394,-7715.070114 kBT,0.6
88,R1189TS125_5.pdb,113.972,-1435.396876 kBT,-403.589840 kBT,-321.884900 kBT,-685.313612 kBT,-87415.997546,67.48031,78.8878,-9447.384239 kBT,0.7
89,R1189TS131_1.pdb,115.517,-1064.899608 kBT,-340.564395 kBT,-226.542162 kBT,-485.117256 kBT,-66224.193945,81.30842,90.47518,-5451.130378 kBT,0.63
90,R1189TS235_3.pdb,23.9126,-1521.359561 kBT,-384.128394 kBT,-358.675912 kBT,-733.374553 kBT,-96913.123597,61.701237,85.625336,-9793.211346 kBT,0.61
91,R1189TS125_4.pdb,23.7688,-1435.396876 kBT,-403.589840 kBT,-321.884900 kBT,-685.313612 kBT,-87415.997546,67.48031,78.8878,-9447.384239 kBT,0.7
92,R1189TS081_4.pdb,23.8429,-964.000241 kBT,-295.064961 kBT,-204.764589 kBT,-451.680286 kBT,-66748.628814,75.52004,85.80277,-6489.537100 kBT,0.69
93,R1189TS470_3.pdb,23.6264,-1132.677599 kBT,-400.384850 kBT,-325.135302 kBT,-622.352199 kBT,-78825.752642,70.59693,92.231316,-8480.439362 kBT,0.59
94,R1189TS439_1.pdb,23.7282,-579.325570 kBT,-248.705921 kBT,-138.097390 kBT,-284.739165 kBT,-47661.285022,90.44532,92.74839,-1377.625021 kBT,0.56
95,R1189TS035_1.pdb,22.2833,-1758.324260 kBT,-449.107196 kBT,-365.996523 kBT,-771.526115 kBT,-94247.309234,61.394222,80.440125,-11263.395482 kBT,0.67
96,R1189TS392_3.pdb,22.3144,-688.265923 kBT,-278.204416 kBT,-173.847713 kBT,-402.854161 kBT,-64962.44601,79.10341,87.0524,-5044.772025 kBT,0.63
97,R1189TS076_3.pdb,22.3691,-1536.671224 kBT,-409.027058 kBT,-359.640663 kBT,-739.984783 kBT,-92640.253754,62.69398,81.04336,-10842.052124 kBT,0.67
98,R1189TS035_2.pdb,22.4936,-1747.181685 kBT,-449.264639 kBT,-366.017679 kBT,-773.435099 kBT,-94240.25521,61.39249,80.439575,-11262.636142 kBT,0.67
99,R1189TS235_2.pdb,22.1983,-1485.234063 kBT,-371.944167 kBT,-362.558567 kBT,-716.560288 kBT,-92089.074906,61.839893,91.52556,-10318.622457 kBT,0.63
100,R1189TS235_5.pdb,23.0368,-1319.042277 kBT,-367.465475 kBT,-328.834084 kBT,-691.321506 kBT,-90415.391751,61.338295,89.0438,-8839.852017 kBT,0.63
101,R1189TS248_1.pdb,23.6102,34443.748630 kBT,13675.540704 kBT,322096.307038 kBT,28042.891911 kBT,10574849.372958,-3783.255,1697.5294,429092.576558 kBT,0.24
102,R1189TS029_3.pdb,23.4932,-1423.528612 kBT,-381.898545 kBT,-331.774719 kBT,-647.783581 kBT,-80492.646919,75.088,89.301926,-8658.134898 kBT,0.55
103,R1189TS081_1.pdb,23.4487,-988.921017 kBT,-299.953719 kBT,-230.114123 kBT,-467.101243 kBT,-65792.042851,75.84449,86.52232,-6793.067022 kBT,0.69
104,R1189TS177_2.pdb,23.541,-1437.465296 kBT,-431.937251 kBT,-190.389720 kBT,-637.986992 kBT,-98005.466985,57.392162,95.13408,-7124.251994 kBT,0.48
105,R1189TS235_4.pdb,23.6141,-1306.530534 kBT,-389.398826 kBT,-314.992370 kBT,-711.312317 kBT,-87787.399044,60.475655,92.02503,-8863.966036 kBT,0.65
106,R1189TS439_2.pdb,28.5961,-662.087301 kBT,-261.780965 kBT,-174.805933 kBT,-293.729412 kBT,-53135.518849,84.69898,91.29127,-2181.760533 kBT,0.6
107,R1189TS245_1.pdb,26.5916,-1098.155025 kBT,-350.755865 kBT,-223.761123 kBT,-501.268111 kBT,-72503.120443,78.368286,85.40461,-4289.405216 kBT,0.56
108,R1189TS248_2.pdb,26.6574,35004.697543 kBT,13960.493241 kBT,330080.337665 kBT,28504.787186 kBT,11049418.703751,-3796.4692,1760.5602,436417.881420 kBT,0.24
109,R1189TS147_3.pdb,25.5896,-1271.802790 kBT,-350.473915 kBT,-314.238969 kBT,-621.029665 kBT,-78496.142539,73.9902,83.36868,-8048.064208 kBT,0.61
110,R1189TS494_4.pdb,25.1238,-1102.095900 kBT,-339.814162 kBT,-238.298356 kBT,-507.666669 kBT,-69765.61669,78.91807,89.75933,-6627.827948 kBT,0.65
111,R1189TS245_3.pdb,29.1963,-1262.347736 kBT,-400.441996 kBT,-277.503868 kBT,-598.634381 kBT,-75418.279044,76.62218,82.4296,-6333.774255 kBT,0.58
112,R1189TS494_3.pdb,28.3101,-1140.966174 kBT,-337.282690 kBT,-252.029549 kBT,-511.394173 kBT,-69940.489981,78.7338,89.911415,-6586.690172 kBT,0.64
113,R1189TS232_1.pdb,20.6703,-1181.864875 kBT,-345.743464 kBT,-265.959388 kBT,-573.783095 kBT,-74070.461927,71.9229,86.46153,-8833.370701 kBT,0.64
114,R1189TS125_1.pdb,20.7441,-1435.396876 kBT,-403.589840 kBT,-321.884900 kBT,-685.313612 kBT,-87415.997546,67.48031,78.8878,-9447.384239 kBT,0.7
115,R1189TS035_5.pdb,20.1781,-1468.790242 kBT,-399.983318 kBT,-322.534707 kBT,-662.461467 kBT,-88155.147576,63.172207,79.56041,-9725.851342 kBT,0.65
116,R1189TS119_4.pdb,23.1056,-711.287094 kBT,-311.913508 kBT,-159.300515 kBT,-415.357981 kBT,-65619.986616,82.28873,88.23947,-5052.570179 kBT,0.66
117,R1189TS054_4.pdb,22.938,-1435.396876 kBT,-403.589840 kBT,-321.884900 kBT,-685.313612 kBT,-87415.997546,67.48031,78.8878,-9447.384239 kBT,0.7
118,R1189TS229_5.pdb,23.1428,-1693.573104 kBT,-397.655683 kBT,-340.425745 kBT,-665.661405 kBT,-86577.858869,64.11598,83.20011,-9862.412231 kBT,0.73
119,R1189TS125_3.pdb,23.1919,-1435.396876 kBT,-403.589840 kBT,-321.884900 kBT,-685.313612 kBT,-87415.997546,67.48031,78.8878,-9447.384239 kBT,0.7
120,R1189TS287_4.pdb,23.1962,-929.818363 kBT,-274.449432 kBT,-210.986701 kBT,-412.922865 kBT,-70463.817117,74.467094,83.85446,-5861.677269 kBT,0.63
121,R1189TS229_4.pdb,23.1595,-1813.797892 kBT,-458.134866 kBT,-390.594723 kBT,-771.112019 kBT,-91843.311879,63.292362,83.819595,-10742.397318 kBT,0.7
122,R1189TS470_2.pdb,23.0447,-1098.401641 kBT,-369.133562 kBT,-293.684836 kBT,-556.123992 kBT,-69807.072704,69.3058,89.78985,-7782.404642 kBT,0.57
123,R1189TS227_3.pdb,22.8178,-1183.442778 kBT,-274.475063 kBT,-248.695491 kBT,-452.595689 kBT,-74211.506181,74.9043,81.43922,-5863.866160 kBT,0.62
124,R1189TS147_4.pdb,23.1421,-1334.295892 kBT,-375.736007 kBT,-285.996374 kBT,-657.394728 kBT,-80926.763264,76.60943,82.47956,-7002.895380 kBT,0.58
125,R1189TS245_5.pdb,23.0481,-1139.550810 kBT,-383.927506 kBT,-237.747325 kBT,-597.259899 kBT,-70117.490028,79.57949,83.77587,-5185.863361 kBT,0.54
126,R1189TS131_4.pdb,23.1595,-1074.120471 kBT,-362.322710 kBT,-222.398594 kBT,-525.703335 kBT,-68988.281736,81.62263,89.299774,-5918.505537 kBT,0.64
127,R1189TS229_1.pdb,23.0447,-1077.943796 kBT,-299.976418 kBT,-242.998353 kBT,-509.210680 kBT,-80107.983637,68.72645,82.08356,-6247.440274 kBT,0.6
128,R1189TS232_5.pdb,22.8178,-1255.600637 kBT,-339.811348 kBT,-281.306726 kBT,-568.111567 kBT,-75757.089265,72.48668,85.626305,-8944.928502 kBT,0.66
129,R1189TS232_3.pdb,23.1421,-1106.578592 kBT,-323.684519 kBT,-249.051257 kBT,-541.723740 kBT,-71541.802453,73.54431,86.357254,-7759.005669 kBT,0.62
130,R1189TS076_2.pdb,23.0481,-1509.024465 kBT,-437.985063 kBT,-353.488727 kBT,-768.361408 kBT,-93364.582848,62.310467,79.347595,-10401.368849 kBT,0.71
131,R1189TS232_4.pdb,22.6973,-1363.527108 kBT,-389.949504 kBT,-268.739640 kBT,-638.782806 kBT,-75755.087502,72.35091,81.93169,-9061.513608 kBT,0.67
132,R1189TS227_5.pdb,22.574,-1077.276609 kBT,-283.217996 kBT,-216.701749 kBT,-454.082931 kBT,-73612.081699,77.9554,83.750565,-6568.323321 kBT,0.57
133,R1189TS444_2.pdb,22.6086,-857.642639 kBT,-288.923254 kBT,-250.239572 kBT,-466.921189 kBT,-69184.479953,79.13272,87.44757,-6287.191315 kBT,0.6
134,R1189TS434_4.pdb,22.6258,-1221.388992 kBT,-322.283171 kBT,-304.328193 kBT,-552.210681 kBT,-78353.683599,71.43525,81.26503,-7802.723107 kBT,0.61
135,R1189TS439_4.pdb,23.1239,-1813.797892 kBT,-458.134866 kBT,-390.594723 kBT,-771.112019 kBT,-91843.311879,63.292362,83.819595,-10742.397318 kBT,0.7
