,ID,3drna,cgrnaspc,cgrnasppc,cgrnasp_cn,cgrnasp,dfire,rna3dcnn,rna3dcnn_mc,rsrnasp,lociPARSE,ares
0,R1190TS232_5.pdb,24.6402,-1383.827134 kBT,-386.947587 kBT,-296.474049 kBT,-661.650528 kBT,-82451.076139,66.87385,83.43396,-10466.476691 kBT,0.68,8.3597946
1,R1190TS076_2.pdb,24.6396,-1509.024465 kBT,-437.985063 kBT,-353.488727 kBT,-768.361408 kBT,-93364.582848,62.310467,79.347595,-10401.368849 kBT,0.71,6.1194177
2,R1190TS439_1.pdb,24.121,-1078.115601 kBT,-299.948196 kBT,-241.914691 kBT,-508.049022 kBT,-80106.610257,68.727615,82.08344,-6244.994864 kBT,0.6,7.9199071
3,R1190TS177_2.pdb,20.2386,-1437.465296 kBT,-431.937251 kBT,-190.389720 kBT,-637.986992 kBT,-98005.466985,57.392162,95.13408,-7124.251994 kBT,0.48,9.0016613
4,R1190TS029_1.pdb,20.2364,-1113.734311 kBT,-312.732786 kBT,-250.191332 kBT,-533.742537 kBT,-68897.893469,80.085365,92.42377,-5582.867411 kBT,0.52,9.8782749
5,R1190TS470_5.pdb,20.2373,-1215.232122 kBT,-383.321086 kBT,-331.687804 kBT,-567.257457 kBT,-77029.013192,66.07832,92.890366,-8224.013445 kBT,0.56,8.3038855
6,R1190TS081_3.pdb,19.503,-1119.193519 kBT,-315.065655 kBT,-238.744906 kBT,-464.997010 kBT,-70264.594381,75.3853,85.94909,-6751.140418 kBT,0.7,8.6384296
7,R1190TS232_1.pdb,19.7088,-1312.868055 kBT,-371.071764 kBT,-299.627131 kBT,-614.911081 kBT,-80861.885256,67.447014,84.36959,-9797.432683 kBT,0.65,8.6827297
8,R1190TS248_3.pdb,19.996,35065.160977 kBT,13823.035068 kBT,332114.993854 kBT,28320.247412 kBT,11262481.12427,-4007.118,1773.8782,435851.723637 kBT,0.24,
9,R1190TS076_3.pdb,19.996,-1536.671224 kBT,-409.027058 kBT,-359.640663 kBT,-739.984783 kBT,-92640.253754,62.69398,81.04336,-10842.052124 kBT,0.67,5.9949074
10,R1190TS081_5.pdb,19.996,-923.259661 kBT,-278.638242 kBT,-200.219664 kBT,-439.603861 kBT,-65876.223698,75.329796,86.4606,-6517.084518 kBT,0.69,8.8063049
11,R1190TS235_2.pdb,19.996,-1535.122315 kBT,-407.690486 kBT,-358.938184 kBT,-759.330813 kBT,-93918.917976,62.31451,86.16527,-8822.947501 kBT,0.6,7.332984
12,R1190TS054_2.pdb,20.1611,-1435.396876 kBT,-403.589840 kBT,-321.884900 kBT,-685.313612 kBT,-87415.997546,67.48031,78.8878,-9447.384239 kBT,0.7,6.9332557
13,R1190TS494_4.pdb,19.498,-1148.685246 kBT,-339.846627 kBT,-239.426139 kBT,-506.350543 kBT,-70440.052722,78.751526,89.416824,-6760.179562 kBT,0.65,9.4985332
14,R1190TS489_5.pdb,19.7905,-1215.232122 kBT,-383.321086 kBT,-331.687804 kBT,-567.257457 kBT,-77029.013192,66.07832,92.890366,-8224.013445 kBT,0.56,8.3038855
15,R1190TS035_3.pdb,19.9525,-1843.138473 kBT,-467.117470 kBT,-409.590630 kBT,-868.459157 kBT,-100266.360977,62.61222,82.493004,-12399.992142 kBT,0.65,7.3713846
16,R1190TS245_1.pdb,19.8689,-882.598886 kBT,-308.382830 kBT,-229.780226 kBT,-493.739948 kBT,-66563.519153,79.10872,84.00251,-4873.149336 kBT,0.52,10.0525856
17,R1190TS035_5.pdb,19.9862,-1809.059113 kBT,-462.774989 kBT,-399.954684 kBT,-840.334962 kBT,-101879.455357,58.300625,79.44759,-12927.003224 kBT,0.68,6.5882697
18,R1190TS054_3.pdb,22.493,-1435.396876 kBT,-403.589840 kBT,-321.884900 kBT,-685.313612 kBT,-87415.997546,67.48031,78.8878,-9447.384239 kBT,0.7,6.9332557
19,R1190TS097_1.pdb,22.5464,-664.568936 kBT,-213.326423 kBT,-179.208656 kBT,-367.701047 kBT,-51209.686835,87.35126,92.32865,-4073.601469 kBT,0.52,11.9811535
20,R1190TS239_4.pdb,22.5941,-1815.597773 kBT,-458.126967 kBT,-390.397704 kBT,-770.515133 kBT,-91840.053031,63.294487,83.82256,-10743.796710 kBT,0.7,7.5829897
21,R1190TS434_2.pdb,22.7832,-829.595453 kBT,-247.858831 kBT,-186.752752 kBT,-405.156081 kBT,-64200.486683,79.27941,83.70089,-5039.553415 kBT,0.55,
22,R1190TS287_5.pdb,22.6232,-1103.285001 kBT,-313.191676 kBT,-302.116962 kBT,-533.073261 kBT,-79176.096825,70.66748,82.67113,-7518.645649 kBT,0.65,8.7527027
23,R1190TS235_1.pdb,25.045,-1416.698191 kBT,-418.115756 kBT,-364.241501 kBT,-764.524066 kBT,-95864.355511,64.42914,84.6215,-10066.370060 kBT,0.63,7.1346383
24,R1190TS229_2.pdb,23.0959,-1036.256055 kBT,-285.797525 kBT,-235.322069 kBT,-476.162743 kBT,-77454.780532,67.101295,83.07199,-5916.132356 kBT,0.62,7.7908211
25,R1190TS385_1.pdb,23.2309,-882.598886 kBT,-308.382830 kBT,-229.780226 kBT,-493.739948 kBT,-66563.519153,79.10872,84.00251,-4873.149336 kBT,0.52,10.0525856
26,R1190TS125_4.pdb,23.0292,-1435.396876 kBT,-403.589840 kBT,-321.884900 kBT,-685.313612 kBT,-87415.997546,67.48031,78.8878,-9447.384239 kBT,0.7,6.9332557
27,R1190TS232_2.pdb,22.9777,-1345.176144 kBT,-372.892261 kBT,-290.622261 kBT,-614.112507 kBT,-80451.446169,69.38877,85.63835,-9425.645890 kBT,0.64,8.81464
28,R1190TS257_2.pdb,22.7288,-803.852950 kBT,-312.311490 kBT,-197.680378 kBT,-478.540907 kBT,-57082.552778,80.502525,87.715836,-3794.536730 kBT,0.6,9.7579727
29,R1190TS054_1.pdb,19.996,-1435.396876 kBT,-403.589840 kBT,-321.884900 kBT,-685.313612 kBT,-87415.997546,67.48031,78.8878,-9447.384239 kBT,0.7,6.9332557
30,R1190TS125_1.pdb,19.996,-1435.396876 kBT,-403.589840 kBT,-321.884900 kBT,-685.313612 kBT,-87415.997546,67.48031,78.8878,-9447.384239 kBT,0.7,6.9332557
31,R1190TS287_3.pdb,19.996,-1061.470722 kBT,-303.020182 kBT,-326.852715 kBT,-481.309057 kBT,-80124.522414,72.45703,83.71611,-8024.320313 kBT,0.62,8.7285805
32,R1190TS470_2.pdb,19.996,-1076.725834 kBT,-372.094623 kBT,-295.037110 kBT,-584.569088 kBT,-74629.155583,70.68964,91.8254,-8402.091979 kBT,0.59,8.8553829
33,R1190TS239_5.pdb,19.996,-1694.197072 kBT,-396.433813 kBT,-340.467712 kBT,-664.522271 kBT,-86585.021704,64.11276,83.20181,-9862.606396 kBT,0.73,7.6404719
34,R1190TS287_4.pdb,22.6758,-1043.367542 kBT,-303.855176 kBT,-311.074548 kBT,-500.921038 kBT,-79484.175006,72.05606,83.55132,-7577.525808 kBT,0.66,8.4539509
35,R1190TS238_2.pdb,22.4578,-1797.829486 kBT,-400.129859 kBT,46.522281 kBT,-674.186327 kBT,-68004.211012,21.858759,109.57151,-11192.819952 kBT,0.5,
36,R1190TS076_4.pdb,22.4793,-1591.798286 kBT,-433.095500 kBT,-369.060782 kBT,-750.900637 kBT,-95409.137906,62.604996,81.52938,-11551.572149 kBT,0.69,6.018889
37,R1190TS227_4.pdb,22.1266,-1273.699640 kBT,-317.187220 kBT,-296.168845 kBT,-551.295424 kBT,-75796.490819,72.96627,81.50402,-7694.962998 kBT,0.59,
38,R1190TS494_3.pdb,22.4422,-1009.785002 kBT,-332.129827 kBT,-225.331531 kBT,-511.057811 kBT,-66697.966469,80.71402,89.805145,-5667.295551 kBT,0.63,9.6825962
39,R1190TS494_1.pdb,23.1512,-1132.196187 kBT,-348.053129 kBT,-229.360202 kBT,-515.629707 kBT,-68843.775197,81.646614,88.54111,-6102.100332 kBT,0.63,9.7084312
40,R1190TS235_5.pdb,22.7526,-1395.088836 kBT,-411.207691 kBT,-337.386978 kBT,-676.961556 kBT,-91370.882412,65.36355,90.77234,-7982.867731 kBT,0.62,7.6801877
41,R1190TS248_2.pdb,22.7596,36168.498237 kBT,14218.904107 kBT,348085.965339 kBT,28997.400548 kBT,12639300.030253,-4080.0505,1905.4685,450007.666907 kBT,0.24,
42,R1190TS177_3.pdb,23.5181,-1417.633628 kBT,-425.972049 kBT,-220.977206 kBT,-612.813188 kBT,-89519.890528,54.53438,94.95239,-6335.320627 kBT,0.52,8.6919842
43,R1190TS245_5.pdb,23.1719,-1326.945587 kBT,-367.641170 kBT,-279.905094 kBT,-596.721264 kBT,-72202.006642,77.26066,82.914276,-6089.424502 kBT,0.53,9.4444122
44,R1190TS229_3.pdb,23.8074,-1089.887510 kBT,-285.471079 kBT,-291.941098 kBT,-550.177544 kBT,-81772.119546,65.56542,81.84138,-7177.807395 kBT,0.62,7.4906669
45,R1190TS470_1.pdb,23.1761,-966.863943 kBT,-356.240953 kBT,-254.676506 kBT,-473.316536 kBT,-69916.889225,68.801315,92.96332,-7148.087516 kBT,0.56,9.226656
46,R1190TS147_2.pdb,23.0468,-1216.295412 kBT,-327.580217 kBT,-263.608311 kBT,-545.171517 kBT,-75622.75068,75.47593,83.62418,-6798.004644 kBT,0.61,9.0426464
47,R1190TS257_3.pdb,22.728,-956.645348 kBT,-323.448887 kBT,-191.360291 kBT,-463.984407 kBT,-61000.018416,77.59479,87.34641,-4653.207001 kBT,0.65,9.9278564
48,R1190TS125_3.pdb,22.6976,-1435.396876 kBT,-403.589840 kBT,-321.884900 kBT,-685.313612 kBT,-87415.997546,67.48031,78.8878,-9447.384239 kBT,0.7,6.9332557
49,R1190TS494_2.pdb,22.8408,-1033.891079 kBT,-335.595737 kBT,-226.021838 kBT,-512.869346 kBT,-66797.112459,80.23773,89.69903,-5663.350265 kBT,0.63,9.8033714
50,R1190TS232_4.pdb,22.7874,-1341.319611 kBT,-378.734748 kBT,-294.985553 kBT,-622.191629 kBT,-79920.831269,69.69812,85.54884,-9611.613953 kBT,0.65,9.0414581
51,R1190TS248_4.pdb,27.022,28758.376140 kBT,11140.509718 kBT,301302.835408 kBT,23311.003179 kBT,9177054.549271,-3141.457,1625.2988,364258.085991 kBT,0.24,
52,R1190TS232_3.pdb,26.4179,-1364.447456 kBT,-355.890773 kBT,-277.113825 kBT,-589.858261 kBT,-79064.208766,68.2993,85.02413,-9285.088045 kBT,0.64,9.0853539
53,R1190TS494_5.pdb,25.229,-1150.547339 kBT,-341.863652 kBT,-252.183946 kBT,-524.952414 kBT,-70238.554058,79.09215,89.433304,-6775.574973 kBT,0.65,9.6188393
54,R1190TS147_1.pdb,25.7895,-1037.998186 kBT,-293.403044 kBT,-186.174778 kBT,-456.908241 kBT,-69060.029297,79.27495,83.98791,-5046.528071 kBT,0.57,9.4338093
55,R1190TS245_4.pdb,21.471,-1185.391196 kBT,-386.634593 kBT,-212.758168 kBT,-549.976742 kBT,-75419.614814,78.47483,85.8769,-5833.818588 kBT,0.52,9.5068092
56,R1190TS245_2.pdb,21.1367,-1035.730962 kBT,-305.366910 kBT,-221.926862 kBT,-486.341863 kBT,-67518.695555,79.446594,83.641174,-4952.128168 kBT,0.5,10.0351048
57,R1190TS076_1.pdb,20.673,-1628.476213 kBT,-459.914575 kBT,-394.592077 kBT,-818.316055 kBT,-98019.668957,62.727444,78.22314,-11724.487640 kBT,0.72,5.9433823
58,R1190TS147_5.pdb,20.7438,-1166.809865 kBT,-322.543814 kBT,-283.791981 kBT,-540.520370 kBT,-74099.281067,76.648834,84.46912,-6813.400568 kBT,0.53,9.5161934
59,R1190TS054_5.pdb,20.1771,-1426.008418 kBT,-392.069985 kBT,-307.324121 kBT,-665.373766 kBT,-84779.793898,65.72883,79.86565,-8153.542258 kBT,0.7,7.2637382
60,R1190TS185_4.pdb,20.6972,-911.051308 kBT,-302.567799 kBT,-196.636570 kBT,-437.864965 kBT,-62827.959264,79.05124,87.054726,-4281.303447 kBT,0.53,9.3242416
61,R1190TS185_3.pdb,20.7588,-943.100432 kBT,-308.642754 kBT,-216.236492 kBT,-485.232879 kBT,-66013.417798,78.70161,88.01921,-5120.508109 kBT,0.57,9.2119446
62,R1190TS081_1.pdb,20.711,-1017.090617 kBT,-300.841960 kBT,-210.897090 kBT,-464.320982 kBT,-67991.646427,73.987114,85.78972,-6587.369979 kBT,0.68,8.6129093
63,R1190TS235_4.pdb,20.6051,-1491.891805 kBT,-406.777629 kBT,-409.945436 kBT,-795.951993 kBT,-98159.621581,62.35976,86.47364,-10834.781100 kBT,0.59,7.478579
64,R1190TS434_5.pdb,20.4263,-1250.917604 kBT,-301.636187 kBT,-289.324528 kBT,-535.059093 kBT,-77146.760608,74.18329,81.81712,-6562.591051 kBT,0.63,
65,R1190TS245_3.pdb,21.75,-924.759871 kBT,-325.403354 kBT,-236.855726 kBT,-491.945052 kBT,-67814.274817,81.574554,85.9037,-5235.102893 kBT,0.55,10.0768566
66,R1190TS131_1.pdb,21.6661,-1095.111125 kBT,-347.762498 kBT,-232.153298 kBT,-516.743645 kBT,-67646.734654,80.58367,90.52567,-5801.479182 kBT,0.63,9.4675884
67,R1190TS119_4.pdb,21.0119,-1163.272610 kBT,-389.641956 kBT,-224.594062 kBT,-552.903288 kBT,-72956.860598,80.252754,89.02356,-6915.597132 kBT,0.64,9.451479
68,R1190TS125_2.pdb,21.9144,-1435.396876 kBT,-403.589840 kBT,-321.884900 kBT,-685.313612 kBT,-87415.997546,67.48031,78.8878,-9447.384239 kBT,0.7,6.9332557
69,R1190TS229_1.pdb,21.9093,-1078.115601 kBT,-299.948196 kBT,-241.914691 kBT,-508.049022 kBT,-80106.610257,68.727615,82.08344,-6244.994864 kBT,0.6,7.9199071
70,R1190TS131_3.pdb,25.3652,-1182.151629 kBT,-360.256187 kBT,-255.202088 kBT,-549.618062 kBT,-71493.074953,79.3181,88.625946,-6802.480022 kBT,0.64,9.178875
71,R1190TS035_2.pdb,21.471,-1842.694312 kBT,-467.228524 kBT,-409.713571 kBT,-866.906320 kBT,-100261.306065,62.60699,82.49429,-12398.481763 kBT,0.65,7.3781013
72,R1190TS227_3.pdb,21.1359,-1169.104031 kBT,-320.234593 kBT,-252.329300 kBT,-544.167687 kBT,-78025.46217,72.85589,81.412186,-7094.152203 kBT,0.62,
73,R1190TS444_3.pdb,20.673,-980.775994 kBT,-301.521943 kBT,-280.634012 kBT,-522.198364 kBT,-71181.068084,77.50044,87.66386,-6768.078728 kBT,0.61,8.9689503
74,R1190TS287_2.pdb,20.7461,-852.982349 kBT,-267.723446 kBT,-219.540173 kBT,-427.918616 kBT,-74941.935897,71.24036,83.76174,-7320.504008 kBT,0.66,8.5907192
75,R1190TS439_4.pdb,20.1771,-1815.968889 kBT,-457.995331 kBT,-390.467547 kBT,-771.015061 kBT,-91841.32434,63.292377,83.82392,-10743.207006 kBT,0.7,7.573338
76,R1190TS392_5.pdb,23.4577,-742.230025 kBT,-266.760675 kBT,-178.901197 kBT,-422.592992 kBT,-64215.964304,78.13178,85.94064,-4018.389724 kBT,0.61,9.474226
77,R1190TS439_3.pdb,23.4435,-1089.887510 kBT,-285.471079 kBT,-291.941098 kBT,-550.177544 kBT,-81772.119546,65.56542,81.84138,-7177.807395 kBT,0.62,7.4906669
78,R1190TS054_4.pdb,23.5279,-1435.396876 kBT,-403.589840 kBT,-321.884900 kBT,-685.313612 kBT,-87415.997546,67.48031,78.8878,-9447.384239 kBT,0.7,6.9332557
79,R1190TS248_5.pdb,23.4997,35375.843059 kBT,13726.134012 kBT,337533.034239 kBT,28006.684824 kBT,12033466.753851,-3911.8496,1840.7526,433786.008599 kBT,0.24,
80,R1190TS444_5.pdb,23.4455,-932.684964 kBT,-297.645485 kBT,-253.242887 kBT,-463.148273 kBT,-70697.098888,77.94759,87.498726,-6405.670162 kBT,0.62,9.2014427
81,R1190TS029_3.pdb,133.412,-1302.888832 kBT,-370.375922 kBT,-317.692859 kBT,-646.345237 kBT,-77861.608418,77.1812,92.672424,-8291.031130 kBT,0.53,9.1681232
82,R1190TS392_4.pdb,136.401,-711.541395 kBT,-261.064370 kBT,-164.509140 kBT,-386.975307 kBT,-64245.75632,79.447754,85.71929,-3810.137339 kBT,0.61,9.6257076
83,R1190TS119_2.pdb,134.1,-823.596952 kBT,-351.952646 kBT,-180.768660 kBT,-455.180779 kBT,-65873.366234,83.58126,90.36906,-5243.602773 kBT,0.66,10.1874981
84,R1190TS489_3.pdb,98.9215,-1016.091371 kBT,-379.452383 kBT,-297.910035 kBT,-542.892596 kBT,-73516.004981,68.66725,91.62753,-7966.033933 kBT,0.57,8.9491749
85,R1190TS035_1.pdb,124.433,-1842.120038 kBT,-467.207166 kBT,-409.839890 kBT,-867.009930 kBT,-100262.168549,62.6092,82.4949,-12401.268236 kBT,0.65,7.3797789
86,R1190TS076_5.pdb,23.7584,-1779.941069 kBT,-474.773840 kBT,-388.958625 kBT,-810.089417 kBT,-97609.327987,64.35232,76.498314,-11566.635937 kBT,0.7,6.2834048
87,R1190TS444_1.pdb,23.6213,-942.999958 kBT,-292.241307 kBT,-253.997336 kBT,-458.265034 kBT,-68603.68943,78.71426,87.60537,-5992.943384 kBT,0.63,9.2364597
88,R1190TS248_1.pdb,23.4941,35810.737061 kBT,14058.555152 kBT,342091.338844 kBT,28662.501749 kBT,12118328.665626,-3885.5674,1833.886,443167.121240 kBT,0.24,
89,R1190TS392_2.pdb,23.6056,-766.833890 kBT,-285.281962 kBT,-162.030546 kBT,-396.323670 kBT,-66194.920521,79.279976,85.64801,-4710.796814 kBT,0.6,9.7663212
90,R1190TS029_2.pdb,23.2987,-1442.410410 kBT,-393.369150 kBT,-327.367362 kBT,-622.247905 kBT,-80456.534349,77.50963,88.52393,-6743.065723 kBT,0.54,9.5195122
91,R1190TS392_1.pdb,21.8334,-693.262595 kBT,-290.649754 kBT,-212.700232 kBT,-435.504839 kBT,-65241.551535,78.75704,85.95732,-4611.687966 kBT,0.61,9.8729801
92,R1190TS185_1.pdb,21.8446,-1057.042083 kBT,-319.609580 kBT,-242.627170 kBT,-510.518067 kBT,-68489.309608,78.67312,87.67501,-5618.432521 kBT,0.56,9.4700165
93,R1190TS119_3.pdb,22.5708,-1062.028990 kBT,-373.815608 kBT,-218.945732 kBT,-521.353606 kBT,-70816.314577,83.27586,87.888504,-6050.583901 kBT,0.64,9.2538548
94,R1190TS131_2.pdb,21.9755,-1218.576727 kBT,-373.895124 kBT,-255.130085 kBT,-555.077868 kBT,-72159.867022,79.371765,87.14224,-6836.818445 kBT,0.66,9.2948189
95,R1190TS131_4.pdb,21.8749,-1252.702593 kBT,-384.232238 kBT,-256.800930 kBT,-575.996043 kBT,-72904.230423,79.07694,87.74192,-7040.622751 kBT,0.66,9.2575169
96,R1190TS185_2.pdb,23.4577,-1015.101969 kBT,-314.062123 kBT,-243.185997 kBT,-529.456044 kBT,-69000.214901,77.6374,88.63946,-5656.693598 kBT,0.53,9.137825
97,R1190TS119_5.pdb,23.3794,-1202.174225 kBT,-380.073420 kBT,-235.710379 kBT,-539.345246 kBT,-73510.23103,80.79981,88.43639,-7143.351609 kBT,0.64,9.1836605
98,R1190TS081_4.pdb,23.3418,-1131.528728 kBT,-322.800114 kBT,-238.265617 kBT,-500.023824 kBT,-70395.544024,74.82627,84.92995,-7181.899061 kBT,0.7,8.7301407
99,R1190TS287_1.pdb,23.4978,-904.136219 kBT,-266.222616 kBT,-246.738779 kBT,-434.984030 kBT,-75463.608068,71.6191,83.72836,-7495.666288 kBT,0.66,8.905798
100,R1190TS035_4.pdb,23.4489,-1740.582609 kBT,-444.194546 kBT,-359.236566 kBT,-768.240835 kBT,-96690.248627,58.377014,85.21136,-11931.268808 kBT,0.69,6.2609634
101,R1190TS147_4.pdb,23.463,-1468.664225 kBT,-353.578396 kBT,-331.412278 kBT,-571.617506 kBT,-82979.984181,73.471275,82.40688,-7657.285994 kBT,0.6,7.9431982
102,R1190TS489_4.pdb,26.0988,-988.127089 kBT,-346.482530 kBT,-272.073140 kBT,-477.098256 kBT,-70478.43017,68.11276,93.14258,-6510.269447 kBT,0.57,8.9630299
103,R1190TS119_1.pdb,26.0984,-901.927551 kBT,-348.100731 kBT,-207.811923 kBT,-488.070414 kBT,-67617.834455,81.70403,90.17622,-5593.765911 kBT,0.67,9.6496296
104,R1190TS257_1.pdb,26.8068,-819.578778 kBT,-299.931992 kBT,-191.077424 kBT,-449.979890 kBT,-57523.577407,79.19479,87.555145,-3750.598548 kBT,0.6,9.5134525
105,R1190TS470_4.pdb,27.2908,-988.127089 kBT,-346.482530 kBT,-272.073140 kBT,-477.098256 kBT,-70478.43017,68.11276,93.14258,-6510.269447 kBT,0.57,8.9630299
106,R1190TS239_2.pdb,25.1892,-1036.256055 kBT,-285.827299 kBT,-235.320179 kBT,-476.129604 kBT,-77457.069044,67.10419,83.07023,-5913.733587 kBT,0.62,7.7881002
107,R1190TS229_5.pdb,21.471,-1694.197072 kBT,-396.433813 kBT,-340.467712 kBT,-664.522271 kBT,-86585.021704,64.11276,83.20181,-9862.606396 kBT,0.73,7.6404719
108,R1190TS489_1.pdb,21.1367,-966.863943 kBT,-356.240953 kBT,-254.676506 kBT,-473.316536 kBT,-69916.889225,68.801315,92.96332,-7148.087516 kBT,0.56,9.226656
109,R1190TS489_2.pdb,20.673,-1076.725834 kBT,-372.094623 kBT,-295.037110 kBT,-584.569088 kBT,-74629.155583,70.68964,91.8254,-8402.091979 kBT,0.59,8.8553829
110,R1190TS229_4.pdb,20.7438,-1815.968889 kBT,-457.995331 kBT,-390.467547 kBT,-771.015061 kBT,-91841.32434,63.292377,83.82392,-10743.207006 kBT,0.7,7.573338
111,R1190TS185_5.pdb,20.1774,-917.125180 kBT,-289.168129 kBT,-199.256266 kBT,-463.429969 kBT,-65972.553858,78.14388,89.235054,-4665.699500 kBT,0.53,9.1983452
112,R1190TS081_2.pdb,22.7239,-1022.822027 kBT,-302.471027 kBT,-228.328219 kBT,-465.905863 kBT,-68148.617183,75.52802,85.62595,-6968.836106 kBT,0.71,8.9362164
113,R1190TS434_3.pdb,22.778,-1080.267876 kBT,-267.626305 kBT,-218.870688 kBT,-397.996972 kBT,-72202.589987,77.50954,83.17501,-5519.938637 kBT,0.57,
114,R1190TS470_3.pdb,22.7273,-1016.091371 kBT,-379.452383 kBT,-297.910035 kBT,-542.892596 kBT,-73516.004981,68.66725,91.62753,-7966.033933 kBT,0.57,8.9491749
115,R1190TS257_4.pdb,22.6821,-740.924915 kBT,-286.683851 kBT,-181.558995 kBT,-389.739456 kBT,-56395.630793,79.5121,87.28638,-3216.738170 kBT,0.65,9.5207424
116,R1190TS239_3.pdb,22.6355,-1089.887510 kBT,-285.471079 kBT,-291.941098 kBT,-550.177544 kBT,-81772.119546,65.56542,81.84138,-7177.807395 kBT,0.62,7.4906669
117,R1190TS444_2.pdb,23.2675,-1003.911008 kBT,-313.700773 kBT,-263.631940 kBT,-509.267415 kBT,-71652.427446,77.09264,86.021065,-6811.189332 kBT,0.62,9.2910347
118,R1190TS439_2.pdb,22.6831,-1036.256055 kBT,-285.797525 kBT,-235.322069 kBT,-476.162743 kBT,-77454.780532,67.101295,83.07199,-5916.132356 kBT,0.62,7.7908211
119,R1190TS439_5.pdb,23.4357,-1694.259048 kBT,-398.505978 kBT,-340.438105 kBT,-666.825861 kBT,-86584.352955,64.11375,83.20205,-9863.218044 kBT,0.73,7.6412816
120,R1190TS125_5.pdb,23.2902,-1435.396876 kBT,-403.589840 kBT,-321.884900 kBT,-685.313612 kBT,-87415.997546,67.48031,78.8878,-9447.384239 kBT,0.7,6.9332557
121,R1190TS131_5.pdb,23.6878,-1172.902251 kBT,-354.889920 kBT,-247.051509 kBT,-526.776786 kBT,-70514.288318,78.84818,89.65338,-6669.233918 kBT,0.65,9.452198
122,R1190TS392_3.pdb,23.2675,-721.967075 kBT,-273.339633 kBT,-195.536592 kBT,-408.609382 kBT,-63651.117891,79.079865,86.291794,-3916.848779 kBT,0.61,9.7875023
123,R1190TS257_5.pdb,22.6831,-782.927261 kBT,-298.254766 kBT,-185.823765 kBT,-431.658403 kBT,-58863.343973,78.36214,86.18577,-4027.882953 kBT,0.64,9.6352634
124,R1190TS227_1.pdb,23.4357,-905.853586 kBT,-272.240457 kBT,-257.997732 kBT,-467.764673 kBT,-69460.274341,77.677475,82.70353,-5261.478995 kBT,0.59,
125,R1190TS235_3.pdb,23.2902,-1246.195269 kBT,-382.630885 kBT,-348.498298 kBT,-695.385830 kBT,-90722.982858,62.61287,86.44283,-9818.228666 kBT,0.62,7.4877586
126,R1190TS444_4.pdb,23.6878,-980.465175 kBT,-314.776531 kBT,-244.377355 kBT,-480.298092 kBT,-71147.140035,78.26045,86.705185,-6594.382376 kBT,0.62,9.3117085
127,R1190TS434_1.pdb,22.9704,-1178.477677 kBT,-302.761262 kBT,-284.779056 kBT,-512.795003 kBT,-77169.272101,77.58295,84.04181,-6574.047400 kBT,0.59,
128,R1190TS434_4.pdb,23.082,-1088.432634 kBT,-312.080607 kBT,-232.391779 kBT,-477.531530 kBT,-72857.811044,78.03997,84.247734,-5815.060279 kBT,0.59,
129,R1190TS227_2.pdb,23.1205,-1136.009413 kBT,-299.962683 kBT,-279.492567 kBT,-491.192837 kBT,-74705.971419,73.617584,82.44025,-5134.915228 kBT,0.59,
130,R1190TS239_1.pdb,22.46,-1078.115601 kBT,-299.948196 kBT,-241.914691 kBT,-508.049022 kBT,-80106.610257,68.727615,82.08344,-6244.994864 kBT,0.6,7.9199071
131,R1190TS177_1.pdb,22.4914,-1532.541746 kBT,-427.968034 kBT,-319.315321 kBT,-646.607094 kBT,-92798.80029,60.011044,95.557335,-6740.107991 kBT,0.55,8.8501472
