R1107TS029_1.pdb	0.61
R1107TS029_2.pdb	0.63
R1107TS035_1.pdb	0.64
R1107TS035_2.pdb	0.62
R1107TS035_3.pdb	0.65
R1107TS035_4.pdb	0.63
R1107TS035_5.pdb	0.64
R1107TS054_1.pdb	0.63
R1107TS054_2.pdb	0.65
R1107TS054_3.pdb	0.65
R1107TS054_4.pdb	0.64
R1107TS054_5.pdb	0.63
R1107TS076_1.pdb	0.73
R1107TS076_2.pdb	0.77
R1107TS076_3.pdb	0.68
R1107TS076_4.pdb	0.74
R1107TS076_5.pdb	0.67
R1107TS081_1.pdb	0.72
R1107TS081_2.pdb	0.74
R1107TS081_3.pdb	0.72
R1107TS081_4.pdb	0.67
R1107TS091_1.pdb	0.48
R1107TS091_2.pdb	0.48
R1107TS091_3.pdb	0.49
R1107TS091_4.pdb	0.50
R1107TS091_5.pdb	0.49
R1107TS097_1.pdb	0.53
R1107TS119_1.pdb	0.66
R1107TS119_2.pdb	0.60
R1107TS119_3.pdb	0.65
R1107TS119_4.pdb	0.65
R1107TS119_5.pdb	0.60
R1107TS125_1.pdb	0.64
R1107TS125_2.pdb	0.63
R1107TS125_3.pdb	0.58
R1107TS125_4.pdb	0.47
R1107TS125_5.pdb	0.47
R1107TS128_1.pdb	0.74
R1107TS128_2.pdb	0.65
R1107TS128_3.pdb	0.74
R1107TS128_4.pdb	0.58
R1107TS128_5.pdb	0.54
R1107TS131_1.pdb	0.60
R1107TS131_2.pdb	0.63
R1107TS131_3.pdb	0.58
R1107TS131_4.pdb	0.62
R1107TS131_5.pdb	0.57
R1107TS147_1.pdb	0.66
R1107TS147_2.pdb	0.69
R1107TS147_3.pdb	0.67
R1107TS147_4.pdb	0.64
R1107TS147_5.pdb	0.68
R1107TS163_1.pdb	0.67
R1107TS163_2.pdb	0.65
R1107TS163_5.pdb	0.69
R1107TS227_1.pdb	0.70
R1107TS227_2.pdb	0.70
R1107TS227_3.pdb	0.69
R1107TS227_4.pdb	0.69
R1107TS227_5.pdb	0.70
R1107TS229_1.pdb	0.69
R1107TS229_2.pdb	0.69
R1107TS229_3.pdb	0.69
R1107TS229_4.pdb	0.69
R1107TS229_5.pdb	0.69
R1107TS232_1.pdb	0.75
R1107TS232_2.pdb	0.76
R1107TS232_3.pdb	0.74
R1107TS232_4.pdb	0.73
R1107TS232_5.pdb	0.75
R1107TS235_1.pdb	0.57
R1107TS235_2.pdb	0.51
R1107TS235_3.pdb	0.58
R1107TS235_4.pdb	0.55
R1107TS235_5.pdb	0.60
R1107TS238_1.pdb	0.67
R1107TS245_1.pdb	0.55
R1107TS245_2.pdb	0.62
R1107TS245_3.pdb	0.58
R1107TS245_4.pdb	0.67
R1107TS245_5.pdb	0.59
R1107TS248_1.pdb	0.71
R1107TS248_2.pdb	0.71
R1107TS248_3.pdb	0.68
R1107TS248_4.pdb	0.69
R1107TS248_5.pdb	0.67
R1107TS285_1.pdb	0.60
R1107TS285_2.pdb	0.61
R1107TS285_3.pdb	0.66
R1107TS285_4.pdb	0.61
R1107TS285_5.pdb	0.61
R1107TS287_1.pdb	0.74
R1107TS287_2.pdb	0.74
R1107TS287_3.pdb	0.72
R1107TS287_4.pdb	0.75
R1107TS287_5.pdb	0.75
R1107TS385_1.pdb	0.63
R1107TS385_2.pdb	0.62
R1107TS385_3.pdb	0.58
R1107TS385_4.pdb	0.67
R1107TS385_5.pdb	0.59
R1107TS392_1.pdb	0.59
R1107TS392_2.pdb	0.60
R1107TS392_3.pdb	0.59
R1107TS392_4.pdb	0.60
R1107TS392_5.pdb	0.58
R1107TS416_1.pdb	0.63
R1107TS416_2.pdb	0.63
R1107TS416_3.pdb	0.64
R1107TS416_4.pdb	0.55
R1107TS416_5.pdb	0.65
R1107TS434_1.pdb	0.69
R1107TS434_2.pdb	0.68
R1107TS434_3.pdb	0.70
R1107TS434_4.pdb	0.66
R1107TS434_5.pdb	0.69
R1107TS439_1.pdb	0.60
R1107TS439_2.pdb	0.69
R1107TS439_3.pdb	0.68
R1107TS439_4.pdb	0.60
R1107TS439_5.pdb	0.69
R1107TS470_1.pdb	0.65
R1107TS470_2.pdb	0.65
R1107TS470_3.pdb	0.68
R1107TS470_4.pdb	0.66
R1107TS470_5.pdb	0.63
R1107TS489_1.pdb	0.65
R1107TS489_2.pdb	0.65
R1107TS489_3.pdb	0.68
R1107TS489_4.pdb	0.66
R1107TS489_5.pdb	0.63
R1108TS029_1.pdb	0.75
R1108TS029_2.pdb	0.60
R1108TS035_1.pdb	0.59
R1108TS035_2.pdb	0.62
R1108TS035_3.pdb	0.59
R1108TS035_4.pdb	0.63
R1108TS035_5.pdb	0.68
R1108TS054_1.pdb	0.66
R1108TS054_2.pdb	0.66
R1108TS054_3.pdb	0.66
R1108TS054_4.pdb	0.69
R1108TS054_5.pdb	0.66
R1108TS081_1.pdb	0.75
R1108TS081_2.pdb	0.76
R1108TS081_3.pdb	0.77
R1108TS081_4.pdb	0.69
R1108TS091_1.pdb	0.50
R1108TS091_2.pdb	0.47
R1108TS091_3.pdb	0.49
R1108TS091_4.pdb	0.48
R1108TS091_5.pdb	0.48
R1108TS097_1.pdb	0.59
R1108TS119_1.pdb	0.67
R1108TS119_2.pdb	0.65
R1108TS119_3.pdb	0.66
R1108TS119_4.pdb	0.63
R1108TS119_5.pdb	0.65
R1108TS125_1.pdb	0.68
R1108TS125_2.pdb	0.67
R1108TS125_3.pdb	0.67
R1108TS125_4.pdb	0.67
R1108TS125_5.pdb	0.66
R1108TS128_1.pdb	0.74
R1108TS128_2.pdb	0.64
R1108TS128_3.pdb	0.75
R1108TS128_4.pdb	0.58
R1108TS128_5.pdb	0.55
R1108TS131_1.pdb	0.60
R1108TS131_2.pdb	0.63
R1108TS131_3.pdb	0.55
R1108TS131_4.pdb	0.60
R1108TS131_5.pdb	0.60
R1108TS147_1.pdb	0.69
R1108TS147_2.pdb	0.63
R1108TS147_3.pdb	0.69
R1108TS147_4.pdb	0.63
R1108TS147_5.pdb	0.70
R1108TS163_1.pdb	0.62
R1108TS227_1.pdb	0.67
R1108TS227_2.pdb	0.69
R1108TS227_3.pdb	0.66
R1108TS227_4.pdb	0.64
R1108TS227_5.pdb	0.65
R1108TS229_1.pdb	0.65
R1108TS229_2.pdb	0.65
R1108TS229_3.pdb	0.65
R1108TS229_4.pdb	0.65
R1108TS229_5.pdb	0.65
R1108TS232_1.pdb	0.75
R1108TS232_2.pdb	0.78
R1108TS232_3.pdb	0.76
R1108TS232_4.pdb	0.77
R1108TS232_5.pdb	0.77
R1108TS235_1.pdb	0.53
R1108TS235_2.pdb	0.60
R1108TS235_3.pdb	0.59
R1108TS235_4.pdb	0.60
R1108TS235_5.pdb	0.63
R1108TS238_1.pdb	0.67
R1108TS245_1.pdb	0.49
R1108TS248_1.pdb	0.69
R1108TS248_2.pdb	0.67
R1108TS248_3.pdb	0.66
R1108TS248_4.pdb	0.64
R1108TS248_5.pdb	0.63
R1108TS285_1.pdb	0.63
R1108TS285_2.pdb	0.66
R1108TS285_3.pdb	0.59
R1108TS285_4.pdb	0.64
R1108TS285_5.pdb	0.63
R1108TS287_1.pdb	0.76
R1108TS287_2.pdb	0.76
R1108TS287_3.pdb	0.73
R1108TS287_4.pdb	0.77
R1108TS287_5.pdb	0.77
R1108TS385_1.pdb	0.51
R1108TS385_2.pdb	0.57
R1108TS385_3.pdb	0.56
R1108TS385_4.pdb	0.58
R1108TS385_5.pdb	0.50
R1108TS416_1.pdb	0.66
R1108TS416_2.pdb	0.63
R1108TS416_3.pdb	0.63
R1108TS416_4.pdb	0.66
R1108TS416_5.pdb	0.65
R1108TS434_1.pdb	0.67
R1108TS434_2.pdb	0.67
R1108TS434_3.pdb	0.66
R1108TS434_4.pdb	0.66
R1108TS434_5.pdb	0.65
R1108TS439_1.pdb	0.64
R1108TS439_2.pdb	0.61
R1108TS439_3.pdb	0.64
R1108TS439_4.pdb	0.58
R1108TS439_5.pdb	0.56
R1108TS470_1.pdb	0.66
R1108TS470_2.pdb	0.62
R1108TS470_3.pdb	0.66
R1108TS470_4.pdb	0.66
R1108TS470_5.pdb	0.60
R1108TS489_1.pdb	0.66
R1108TS489_2.pdb	0.62
R1108TS489_3.pdb	0.66
R1108TS489_4.pdb	0.66
R1108TS489_5.pdb	0.60
R1116TS029_1.pdb	0.61
R1116TS029_2.pdb	0.60
R1116TS029_3.pdb	0.58
R1116TS035_1.pdb	0.71
R1116TS035_2.pdb	0.69
R1116TS035_3.pdb	0.67
R1116TS035_4.pdb	0.64
R1116TS035_5.pdb	0.68
R1116TS054_1.pdb	0.65
R1116TS054_2.pdb	0.66
R1116TS054_3.pdb	0.70
R1116TS054_4.pdb	0.72
R1116TS054_5.pdb	0.71
R1116TS076_1.pdb	0.72
R1116TS076_2.pdb	0.71
R1116TS076_3.pdb	0.72
R1116TS076_4.pdb	0.71
R1116TS076_5.pdb	0.71
R1116TS081_1.pdb	0.73
R1116TS081_2.pdb	0.74
R1116TS081_3.pdb	0.75
R1116TS081_4.pdb	0.72
R1116TS081_5.pdb	0.75
R1116TS091_1.pdb	0.51
R1116TS091_2.pdb	0.50
R1116TS091_3.pdb	0.52
R1116TS091_4.pdb	0.53
R1116TS091_5.pdb	0.47
R1116TS097_1.pdb	0.49
R1116TS110_1.pdb	0.65
R1116TS110_2.pdb	0.66
R1116TS110_3.pdb	0.65
R1116TS110_4.pdb	0.66
R1116TS110_5.pdb	0.64
R1116TS119_1.pdb	0.70
R1116TS119_2.pdb	0.71
R1116TS119_3.pdb	0.71
R1116TS119_4.pdb	0.71
R1116TS119_5.pdb	0.75
R1116TS125_1.pdb	0.74
R1116TS125_2.pdb	0.73
R1116TS125_3.pdb	0.71
R1116TS125_4.pdb	0.71
R1116TS125_5.pdb	0.72
R1116TS131_1.pdb	0.56
R1116TS131_2.pdb	0.50
R1116TS131_3.pdb	0.50
R1116TS131_4.pdb	0.56
R1116TS131_5.pdb	0.58
R1116TS147_1.pdb	0.67
R1116TS147_2.pdb	0.66
R1116TS147_3.pdb	0.67
R1116TS147_4.pdb	0.70
R1116TS147_5.pdb	0.64
R1116TS163_1.pdb	0.54
R1116TS163_2.pdb	0.51
R1116TS163_3.pdb	0.52
R1116TS177_1.pdb	0.48
R1116TS185_1.pdb	0.74
R1116TS185_2.pdb	0.75
R1116TS185_3.pdb	0.75
R1116TS185_4.pdb	0.74
R1116TS185_5.pdb	0.74
R1116TS227_1.pdb	0.67
R1116TS227_2.pdb	0.66
R1116TS227_3.pdb	0.67
R1116TS227_4.pdb	0.70
R1116TS227_5.pdb	0.64
R1116TS229_1.pdb	0.66
R1116TS229_2.pdb	0.71
R1116TS229_3.pdb	0.70
R1116TS229_4.pdb	0.72
R1116TS229_5.pdb	0.74
R1116TS232_1.pdb	0.79
R1116TS232_2.pdb	0.76
R1116TS232_3.pdb	0.76
R1116TS232_4.pdb	0.79
R1116TS232_5.pdb	0.77
R1116TS235_1.pdb	0.59
R1116TS235_2.pdb	0.58
R1116TS235_3.pdb	0.63
R1116TS235_4.pdb	0.63
R1116TS235_5.pdb	0.58
R1116TS238_1.pdb	0.66
R1116TS238_2.pdb	0.57
R1116TS239_1.pdb	0.71
R1116TS239_2.pdb	0.69
R1116TS239_3.pdb	0.75
R1116TS239_4.pdb	0.73
R1116TS239_5.pdb	0.72
R1116TS245_1.pdb	0.55
R1116TS245_2.pdb	0.55
R1116TS245_3.pdb	0.52
R1116TS245_4.pdb	0.51
R1116TS245_5.pdb	0.50
R1116TS248_1.pdb	0.70
R1116TS248_2.pdb	0.69
R1116TS248_3.pdb	0.66
R1116TS248_4.pdb	0.68
R1116TS248_5.pdb	0.66
R1116TS285_1.pdb	0.74
R1116TS285_2.pdb	0.71
R1116TS285_3.pdb	0.71
R1116TS285_4.pdb	0.68
R1116TS285_5.pdb	0.72
R1116TS287_1.pdb	0.71
R1116TS287_2.pdb	0.72
R1116TS287_3.pdb	0.72
R1116TS287_4.pdb	0.72
R1116TS287_5.pdb	0.72
R1116TS385_1.pdb	0.55
R1116TS385_2.pdb	0.55
R1116TS385_3.pdb	0.52
R1116TS385_4.pdb	0.51
R1116TS385_5.pdb	0.50
R1116TS392_1.pdb	0.61
R1116TS392_2.pdb	0.65
R1116TS392_3.pdb	0.60
R1116TS392_4.pdb	0.60
R1116TS392_5.pdb	0.64
R1116TS416_1.pdb	0.69
R1116TS416_2.pdb	0.63
R1116TS416_3.pdb	0.68
R1116TS416_4.pdb	0.59
R1116TS416_5.pdb	0.69
R1116TS434_1.pdb	0.67
R1116TS434_2.pdb	0.66
R1116TS434_3.pdb	0.67
R1116TS434_4.pdb	0.70
R1116TS434_5.pdb	0.64
R1116TS439_1.pdb	0.66
R1116TS439_2.pdb	0.65
R1116TS439_3.pdb	0.67
R1116TS439_4.pdb	0.64
R1116TS439_5.pdb	0.70
R1116TS470_1.pdb	0.64
R1116TS470_2.pdb	0.64
R1116TS470_3.pdb	0.63
R1116TS470_4.pdb	0.62
R1116TS470_5.pdb	0.62
R1116TS489_1.pdb	0.67
R1116TS489_2.pdb	0.65
R1116TS489_3.pdb	0.66
R1116TS489_4.pdb	0.65
R1116TS489_5.pdb	0.64
R1117TS029_1.pdb	0.72
R1117TS029_2.pdb	0.50
R1117TS035_1.pdb	0.58
R1117TS035_2.pdb	0.60
R1117TS035_3.pdb	0.59
R1117TS035_4.pdb	0.58
R1117TS035_5.pdb	0.56
R1117TS046_1.pdb	0.58
R1117TS046_2.pdb	0.60
R1117TS046_3.pdb	0.59
R1117TS046_4.pdb	0.58
R1117TS046_5.pdb	0.56
R1117TS054_1.pdb	0.56
R1117TS054_2.pdb	0.57
R1117TS054_3.pdb	0.53
R1117TS054_4.pdb	0.58
R1117TS054_5.pdb	0.54
R1117TS076_1.pdb	0.69
R1117TS076_2.pdb	0.75
R1117TS076_3.pdb	0.77
R1117TS076_4.pdb	0.76
R1117TS076_5.pdb	0.78
R1117TS081_1.pdb	0.62
R1117TS081_2.pdb	0.60
R1117TS081_3.pdb	0.67
R1117TS081_4.pdb	0.67
R1117TS081_5.pdb	0.59
R1117TS091_1.pdb	0.57
R1117TS091_2.pdb	0.54
R1117TS091_3.pdb	0.54
R1117TS091_4.pdb	0.52
R1117TS091_5.pdb	0.52
R1117TS097_1.pdb	0.61
R1117TS110_1.pdb	0.57
R1117TS110_2.pdb	0.58
R1117TS110_3.pdb	0.54
R1117TS110_4.pdb	0.53
R1117TS110_5.pdb	0.54
R1117TS119_1.pdb	0.65
R1117TS119_2.pdb	0.57
R1117TS119_3.pdb	0.63
R1117TS119_4.pdb	0.61
R1117TS119_5.pdb	0.63
R1117TS125_1.pdb	0.58
R1117TS125_2.pdb	0.55
R1117TS125_3.pdb	0.55
R1117TS125_4.pdb	0.61
R1117TS125_5.pdb	0.76
R1117TS128_1.pdb	0.61
R1117TS128_2.pdb	0.67
R1117TS128_3.pdb	0.61
R1117TS128_4.pdb	0.55
R1117TS128_5.pdb	0.60
R1117TS131_1.pdb	0.64
R1117TS131_2.pdb	0.65
R1117TS131_3.pdb	0.62
R1117TS131_4.pdb	0.62
R1117TS131_5.pdb	0.62
R1117TS147_1.pdb	0.55
R1117TS147_2.pdb	0.62
R1117TS147_3.pdb	0.68
R1117TS147_4.pdb	0.58
R1117TS147_5.pdb	0.65
R1117TS163_1.pdb	0.60
R1117TS163_2.pdb	0.60
R1117TS163_3.pdb	0.55
R1117TS163_4.pdb	0.61
R1117TS163_5.pdb	0.64
R1117TS177_1.pdb	0.60
R1117TS185_1.pdb	0.58
R1117TS185_2.pdb	0.62
R1117TS185_3.pdb	0.60
R1117TS185_4.pdb	0.59
R1117TS185_5.pdb	0.57
R1117TS227_1.pdb	0.62
R1117TS227_2.pdb	0.65
R1117TS227_3.pdb	0.57
R1117TS227_5.pdb	0.65
R1117TS229_1.pdb	0.65
R1117TS229_2.pdb	0.63
R1117TS229_3.pdb	0.66
R1117TS229_4.pdb	0.60
R1117TS229_5.pdb	0.64
R1117TS232_1.pdb	0.62
R1117TS232_2.pdb	0.62
R1117TS232_3.pdb	0.62
R1117TS232_4.pdb	0.62
R1117TS232_5.pdb	0.60
R1117TS235_1.pdb	0.58
R1117TS235_2.pdb	0.57
R1117TS235_3.pdb	0.46
R1117TS235_4.pdb	0.54
R1117TS235_5.pdb	0.56
R1117TS238_1.pdb	0.62
R1117TS238_2.pdb	0.54
R1117TS239_1.pdb	0.64
R1117TS239_2.pdb	0.66
R1117TS239_3.pdb	0.64
R1117TS239_4.pdb	0.66
R1117TS245_1.pdb	0.72
R1117TS245_2.pdb	0.63
R1117TS245_3.pdb	0.65
R1117TS245_4.pdb	0.66
R1117TS245_5.pdb	0.68
R1117TS248_1.pdb	0.60
R1117TS248_2.pdb	0.59
R1117TS248_3.pdb	0.58
R1117TS248_4.pdb	0.62
R1117TS248_5.pdb	0.60
R1117TS287_1.pdb	0.65
R1117TS287_2.pdb	0.63
R1117TS287_3.pdb	0.63
R1117TS287_4.pdb	0.61
R1117TS287_5.pdb	0.66
R1117TS385_1.pdb	0.72
R1117TS385_2.pdb	0.63
R1117TS385_3.pdb	0.65
R1117TS385_4.pdb	0.66
R1117TS385_5.pdb	0.68
R1117TS392_1.pdb	0.60
R1117TS392_2.pdb	0.60
R1117TS392_3.pdb	0.54
R1117TS392_4.pdb	0.56
R1117TS392_5.pdb	0.56
R1117TS416_1.pdb	0.63
R1117TS416_2.pdb	0.61
R1117TS416_3.pdb	0.61
R1117TS416_4.pdb	0.57
R1117TS416_5.pdb	0.61
R1117TS434_1.pdb	0.66
R1117TS434_2.pdb	0.69
R1117TS434_3.pdb	0.76
R1117TS434_4.pdb	0.62
R1117TS439_1.pdb	0.53
R1117TS439_2.pdb	0.60
R1117TS439_3.pdb	0.55
R1117TS439_4.pdb	0.38
R1117TS439_5.pdb	0.64
R1117TS444_1.pdb	0.64
R1117TS444_2.pdb	0.63
R1117TS444_3.pdb	0.55
R1117TS444_4.pdb	0.69
R1117TS444_5.pdb	0.64
R1117TS470_1.pdb	0.60
R1117TS470_2.pdb	0.60
R1117TS470_3.pdb	0.69
R1117TS470_4.pdb	0.69
R1117TS470_5.pdb	0.65
R1117TS489_1.pdb	0.60
R1117TS489_2.pdb	0.60
R1117TS489_3.pdb	0.69
R1117TS489_4.pdb	0.69
R1117TS489_5.pdb	0.65
R1126TS029_1.pdb	0.60
R1126TS029_2.pdb	0.55
R1126TS029_3.pdb	0.59
R1126TS035_1.pdb	0.59
R1126TS035_2.pdb	0.57
R1126TS035_3.pdb	0.58
R1126TS035_4.pdb	0.55
R1126TS035_5.pdb	0.59
R1126TS054_1.pdb	0.74
R1126TS054_2.pdb	0.71
R1126TS054_3.pdb	0.68
R1126TS054_4.pdb	0.67
R1126TS054_5.pdb	0.70
R1126TS076_1.pdb	0.70
R1126TS076_2.pdb	0.70
R1126TS076_3.pdb	0.63
R1126TS076_4.pdb	0.63
R1126TS076_5.pdb	0.70
R1126TS081_1.pdb	0.77
R1126TS081_2.pdb	0.77
R1126TS081_3.pdb	0.77
R1126TS097_1.pdb	0.45
R1126TS110_1.pdb	0.63
R1126TS110_2.pdb	0.63
R1126TS110_3.pdb	0.60
R1126TS110_4.pdb	0.63
R1126TS110_5.pdb	0.64
R1126TS119_1.pdb	0.72
R1126TS119_2.pdb	0.72
R1126TS119_3.pdb	0.72
R1126TS119_4.pdb	0.70
R1126TS119_5.pdb	0.71
R1126TS125_1.pdb	0.70
R1126TS125_2.pdb	0.69
R1126TS125_3.pdb	0.72
R1126TS125_4.pdb	0.69
R1126TS125_5.pdb	0.68
R1126TS128_1.pdb	0.67
R1126TS128_2.pdb	0.73
R1126TS128_3.pdb	0.70
R1126TS128_4.pdb	0.69
R1126TS128_5.pdb	0.67
R1126TS131_1.pdb	0.57
R1126TS131_2.pdb	0.57
R1126TS131_3.pdb	0.56
R1126TS131_4.pdb	0.57
R1126TS131_5.pdb	0.57
R1126TS147_1.pdb	0.69
R1126TS147_2.pdb	0.70
R1126TS147_3.pdb	0.69
R1126TS147_4.pdb	0.71
R1126TS147_5.pdb	0.69
R1126TS177_1.pdb	0.47
R1126TS185_1.pdb	0.60
R1126TS185_2.pdb	0.59
R1126TS185_3.pdb	0.61
R1126TS185_4.pdb	0.52
R1126TS185_5.pdb	0.50
R1126TS227_1.pdb	0.70
R1126TS227_2.pdb	0.70
R1126TS227_3.pdb	0.71
R1126TS227_4.pdb	0.70
R1126TS227_5.pdb	0.69
R1126TS229_1.pdb	0.63
R1126TS229_2.pdb	0.66
R1126TS229_3.pdb	0.70
R1126TS229_4.pdb	0.72
R1126TS229_5.pdb	0.60
R1126TS232_1.pdb	0.80
R1126TS232_2.pdb	0.80
R1126TS232_3.pdb	0.80
R1126TS232_4.pdb	0.80
R1126TS232_5.pdb	0.80
R1126TS235_1.pdb	0.68
R1126TS235_2.pdb	0.67
R1126TS235_3.pdb	0.66
R1126TS235_4.pdb	0.69
R1126TS235_5.pdb	0.70
R1126TS238_1.pdb	0.36
R1126TS238_2.pdb	0.36
R1126TS238_3.pdb	0.31
R1126TS239_1.pdb	0.70
R1126TS239_2.pdb	0.70
R1126TS239_3.pdb	0.66
R1126TS239_4.pdb	0.63
R1126TS239_5.pdb	0.61
R1126TS245_1.pdb	0.49
R1126TS245_2.pdb	0.48
R1126TS245_3.pdb	0.54
R1126TS245_4.pdb	0.52
R1126TS245_5.pdb	0.52
R1126TS248_1.pdb	0.59
R1126TS248_2.pdb	0.57
R1126TS248_3.pdb	0.58
R1126TS248_4.pdb	0.55
R1126TS248_5.pdb	0.59
R1126TS287_1.pdb	0.73
R1126TS287_2.pdb	0.72
R1126TS287_3.pdb	0.71
R1126TS287_4.pdb	0.72
R1126TS287_5.pdb	0.72
R1126TS385_1.pdb	0.49
R1126TS392_1.pdb	0.68
R1126TS392_2.pdb	0.67
R1126TS392_3.pdb	0.68
R1126TS416_1.pdb	0.64
R1126TS416_2.pdb	0.61
R1126TS416_3.pdb	0.60
R1126TS416_4.pdb	0.57
R1126TS416_5.pdb	0.63
R1126TS434_1.pdb	0.70
R1126TS434_2.pdb	0.71
R1126TS434_3.pdb	0.70
R1126TS434_4.pdb	0.70
R1126TS434_5.pdb	0.69
R1126TS439_1.pdb	0.63
R1126TS439_2.pdb	0.66
R1126TS439_3.pdb	0.70
R1126TS439_4.pdb	0.72
R1126TS439_5.pdb	0.60
R1126TS444_1.pdb	0.43
R1126TS444_2.pdb	0.66
R1126TS444_3.pdb	0.49
R1126TS444_4.pdb	0.70
R1126TS444_5.pdb	0.48
R1126TS470_1.pdb	0.45
R1126TS470_2.pdb	0.42
R1126TS470_3.pdb	0.46
R1126TS470_4.pdb	0.43
R1126TS470_5.pdb	0.38
R1126TS489_1.pdb	0.43
R1126TS489_2.pdb	0.42
R1126TS489_3.pdb	0.46
R1126TS489_4.pdb	0.43
R1126TS489_5.pdb	0.38
R1126TS490_1.pdb	0.59
R1126TS490_2.pdb	0.57
R1126TS490_3.pdb	0.58
R1126TS490_4.pdb	0.55
R1126TS490_5.pdb	0.59
R1128TS029_1.pdb	0.59
R1128TS029_2.pdb	0.51
R1128TS029_3.pdb	0.54
R1128TS029_4.pdb	0.56
R1128TS035_1.pdb	0.64
R1128TS035_2.pdb	0.64
R1128TS035_3.pdb	0.62
R1128TS035_4.pdb	0.66
R1128TS035_5.pdb	0.63
R1128TS054_1.pdb	0.78
R1128TS054_2.pdb	0.78
R1128TS054_3.pdb	0.72
R1128TS054_4.pdb	0.78
R1128TS054_5.pdb	0.76
R1128TS076_1.pdb	0.77
R1128TS076_2.pdb	0.77
R1128TS076_3.pdb	0.77
R1128TS076_4.pdb	0.79
R1128TS076_5.pdb	0.80
R1128TS081_1.pdb	0.80
R1128TS081_2.pdb	0.80
R1128TS081_3.pdb	0.79
R1128TS081_4.pdb	0.79
R1128TS081_5.pdb	0.78
R1128TS097_1.pdb	0.58
R1128TS110_1.pdb	0.71
R1128TS110_2.pdb	0.69
R1128TS119_1.pdb	0.76
R1128TS119_2.pdb	0.77
R1128TS119_3.pdb	0.76
R1128TS119_4.pdb	0.75
R1128TS119_5.pdb	0.70
R1128TS125_1.pdb	0.74
R1128TS125_2.pdb	0.78
R1128TS125_3.pdb	0.71
R1128TS125_4.pdb	0.72
R1128TS125_5.pdb	0.76
R1128TS128_1.pdb	0.72
R1128TS128_2.pdb	0.70
R1128TS128_3.pdb	0.69
R1128TS128_4.pdb	0.71
R1128TS128_5.pdb	0.71
R1128TS131_1.pdb	0.50
R1128TS131_2.pdb	0.56
R1128TS131_3.pdb	0.57
R1128TS131_4.pdb	0.53
R1128TS131_5.pdb	0.50
R1128TS147_1.pdb	0.74
R1128TS147_2.pdb	0.74
R1128TS147_3.pdb	0.73
R1128TS147_4.pdb	0.75
R1128TS147_5.pdb	0.73
R1128TS163_1.pdb	0.46
R1128TS177_1.pdb	0.48
R1128TS185_1.pdb	0.68
R1128TS185_2.pdb	0.68
R1128TS185_3.pdb	0.68
R1128TS185_4.pdb	0.68
R1128TS185_5.pdb	0.67
R1128TS227_1.pdb	0.75
R1128TS227_2.pdb	0.76
R1128TS227_3.pdb	0.75
R1128TS227_4.pdb	0.78
R1128TS227_5.pdb	0.75
R1128TS229_1.pdb	0.68
R1128TS229_2.pdb	0.73
R1128TS229_3.pdb	0.77
R1128TS229_4.pdb	0.73
R1128TS229_5.pdb	0.77
R1128TS232_1.pdb	0.84
R1128TS232_2.pdb	0.84
R1128TS232_3.pdb	0.85
R1128TS232_4.pdb	0.85
R1128TS232_5.pdb	0.84
R1128TS235_1.pdb	0.72
R1128TS235_2.pdb	0.71
R1128TS235_3.pdb	0.73
R1128TS235_4.pdb	0.72
R1128TS235_5.pdb	0.71
R1128TS238_1.pdb	0.62
R1128TS238_2.pdb	0.60
R1128TS238_3.pdb	0.63
R1128TS239_1.pdb	0.73
R1128TS239_2.pdb	0.72
R1128TS239_3.pdb	0.67
R1128TS239_4.pdb	0.77
R1128TS239_5.pdb	0.68
R1128TS245_1.pdb	0.57
R1128TS245_2.pdb	0.56
R1128TS245_3.pdb	0.56
R1128TS245_4.pdb	0.55
R1128TS245_5.pdb	0.60
R1128TS248_1.pdb	0.78
R1128TS248_2.pdb	0.79
R1128TS248_3.pdb	0.80
R1128TS248_4.pdb	0.79
R1128TS248_5.pdb	0.77
R1128TS285_1.pdb	0.73
R1128TS285_2.pdb	0.73
R1128TS285_3.pdb	0.73
R1128TS285_4.pdb	0.74
R1128TS285_5.pdb	0.73
R1128TS287_1.pdb	0.76
R1128TS287_2.pdb	0.70
R1128TS287_3.pdb	0.74
R1128TS287_4.pdb	0.69
R1128TS287_5.pdb	0.70
R1128TS392_1.pdb	0.66
R1128TS392_2.pdb	0.63
R1128TS392_3.pdb	0.64
R1128TS392_4.pdb	0.65
R1128TS392_5.pdb	0.71
R1128TS416_1.pdb	0.74
R1128TS416_2.pdb	0.78
R1128TS416_3.pdb	0.71
R1128TS416_4.pdb	0.71
R1128TS416_5.pdb	0.69
R1128TS434_1.pdb	0.76
R1128TS434_2.pdb	0.73
R1128TS434_3.pdb	0.74
R1128TS434_4.pdb	0.74
R1128TS434_5.pdb	0.75
R1128TS439_1.pdb	0.68
R1128TS439_2.pdb	0.73
R1128TS439_3.pdb	0.68
R1128TS439_4.pdb	0.74
R1128TS439_5.pdb	0.73
R1128TS470_1.pdb	0.68
R1128TS470_2.pdb	0.68
R1128TS470_3.pdb	0.69
R1128TS470_4.pdb	0.71
R1128TS470_5.pdb	0.67
R1128TS489_1.pdb	0.68
R1128TS489_2.pdb	0.68
R1128TS489_3.pdb	0.69
R1128TS489_4.pdb	0.71
R1128TS489_5.pdb	0.67
R1136TS029_1.pdb	0.57
R1136TS029_2.pdb	0.62
R1136TS029_3.pdb	0.52
R1136TS029_4.pdb	0.59
R1136TS029_5.pdb	0.51
R1136TS035_1.pdb	0.65
R1136TS035_2.pdb	0.65
R1136TS035_3.pdb	0.65
R1136TS035_4.pdb	0.57
R1136TS035_5.pdb	0.60
R1136TS054_1.pdb	0.72
R1136TS054_2.pdb	0.71
R1136TS054_3.pdb	0.68
R1136TS054_4.pdb	0.71
R1136TS054_5.pdb	0.74
R1136TS076_1.pdb	0.72
R1136TS076_2.pdb	0.74
R1136TS076_3.pdb	0.72
R1136TS076_4.pdb	0.72
R1136TS076_5.pdb	0.72
R1136TS081_1.pdb	0.79
R1136TS081_2.pdb	0.79
R1136TS081_3.pdb	0.79
R1136TS081_4.pdb	0.78
R1136TS081_5.pdb	0.79
R1136TS097_1.pdb	0.50
R1136TS097_2.pdb	0.50
R1136TS097_3.pdb	0.50
R1136TS097_4.pdb	0.50
R1136TS097_5.pdb	0.50
R1136TS110_1.pdb	0.61
R1136TS110_2.pdb	0.61
R1136TS110_3.pdb	0.60
R1136TS110_4.pdb	0.63
R1136TS110_5.pdb	0.63
R1136TS119_1.pdb	0.74
R1136TS119_2.pdb	0.74
R1136TS119_3.pdb	0.73
R1136TS119_4.pdb	0.75
R1136TS119_5.pdb	0.73
R1136TS125_1.pdb	0.72
R1136TS125_2.pdb	0.72
R1136TS125_3.pdb	0.68
R1136TS125_4.pdb	0.72
R1136TS125_5.pdb	0.72
R1136TS128_1.pdb	0.72
R1136TS128_2.pdb	0.71
R1136TS128_3.pdb	0.72
R1136TS128_4.pdb	0.72
R1136TS128_5.pdb	0.70
R1136TS131_1.pdb	0.53
R1136TS131_2.pdb	0.55
R1136TS131_3.pdb	0.55
R1136TS131_4.pdb	0.55
R1136TS131_5.pdb	0.55
R1136TS147_1.pdb	0.68
R1136TS147_2.pdb	0.71
R1136TS147_3.pdb	0.69
R1136TS147_4.pdb	0.71
R1136TS147_5.pdb	0.68
R1136TS177_1.pdb	0.47
R1136TS227_1.pdb	0.66
R1136TS227_2.pdb	0.68
R1136TS227_3.pdb	0.67
R1136TS227_4.pdb	0.69
R1136TS227_5.pdb	0.68
R1136TS229_1.pdb	0.69
R1136TS229_2.pdb	0.68
R1136TS229_3.pdb	0.65
R1136TS229_4.pdb	0.67
R1136TS229_5.pdb	0.70
R1136TS232_1.pdb	0.80
R1136TS232_2.pdb	0.82
R1136TS232_3.pdb	0.81
R1136TS232_4.pdb	0.80
R1136TS232_5.pdb	0.81
R1136TS235_1.pdb	0.68
R1136TS235_2.pdb	0.66
R1136TS235_3.pdb	0.67
R1136TS235_4.pdb	0.67
R1136TS235_5.pdb	0.69
R1136TS238_1.pdb	0.33
R1136TS238_2.pdb	0.34
R1136TS238_3.pdb	0.31
R1136TS239_1.pdb	0.69
R1136TS239_2.pdb	0.70
R1136TS239_3.pdb	0.66
R1136TS239_4.pdb	0.65
R1136TS239_5.pdb	0.60
R1136TS245_1.pdb	0.52
R1136TS245_2.pdb	0.55
R1136TS245_3.pdb	0.51
R1136TS245_4.pdb	0.53
R1136TS245_5.pdb	0.50
R1136TS248_1.pdb	0.65
R1136TS248_2.pdb	0.66
R1136TS248_3.pdb	0.66
R1136TS248_4.pdb	0.65
R1136TS248_5.pdb	0.66
R1136TS287_1.pdb	0.80
R1136TS287_2.pdb	0.73
R1136TS287_3.pdb	0.79
R1136TS287_4.pdb	0.80
R1136TS287_5.pdb	0.79
R1136TS325_1.pdb	0.80
R1136TS325_2.pdb	0.80
R1136TS325_3.pdb	0.80
R1136TS325_4.pdb	0.80
R1136TS325_5.pdb	0.80
R1136TS347_1.pdb	0.80
R1136TS347_2.pdb	0.80
R1136TS347_3.pdb	0.80
R1136TS347_4.pdb	0.80
R1136TS347_5.pdb	0.80
R1136TS385_1.pdb	0.52
R1136TS392_1.pdb	0.70
R1136TS392_2.pdb	0.67
R1136TS392_3.pdb	0.66
R1136TS416_1.pdb	0.69
R1136TS416_2.pdb	0.72
R1136TS416_3.pdb	0.66
R1136TS416_4.pdb	0.72
R1136TS416_5.pdb	0.72
R1136TS434_1.pdb	0.68
R1136TS434_2.pdb	0.70
R1136TS434_3.pdb	0.69
R1136TS434_4.pdb	0.68
R1136TS434_5.pdb	0.68
R1136TS439_1.pdb	0.69
R1136TS439_2.pdb	0.68
R1136TS439_3.pdb	0.65
R1136TS439_4.pdb	0.72
R1136TS439_5.pdb	0.70
R1136TS444_1.pdb	0.72
R1136TS444_2.pdb	0.52
R1136TS444_3.pdb	0.46
R1136TS444_4.pdb	0.60
R1136TS444_5.pdb	0.51
R1136TS456_1.pdb	0.80
R1136TS456_2.pdb	0.80
R1136TS456_3.pdb	0.80
R1136TS456_4.pdb	0.80
R1136TS456_5.pdb	0.80
R1136TS470_1.pdb	0.46
R1136TS470_2.pdb	0.43
R1136TS470_3.pdb	0.49
R1136TS470_4.pdb	0.47
R1136TS470_5.pdb	0.44
R1136TS489_1.pdb	0.46
R1136TS489_2.pdb	0.43
R1136TS489_3.pdb	0.49
R1136TS489_4.pdb	0.47
R1136TS489_5.pdb	0.44
R1138TS029_1.pdb	0.56
R1138TS029_2.pdb	0.56
R1138TS035_1.pdb	0.69
R1138TS035_2.pdb	0.67
R1138TS035_3.pdb	0.69
R1138TS035_4.pdb	0.67
R1138TS035_5.pdb	0.68
R1138TS054_1.pdb	0.67
R1138TS054_2.pdb	0.74
R1138TS054_3.pdb	0.69
R1138TS054_4.pdb	0.75
R1138TS054_5.pdb	0.71
R1138TS076_1.pdb	0.74
R1138TS076_2.pdb	0.73
R1138TS076_3.pdb	0.73
R1138TS076_4.pdb	0.73
R1138TS076_5.pdb	0.68
R1138TS081_1.pdb	0.83
R1138TS081_2.pdb	0.82
R1138TS081_3.pdb	0.83
R1138TS081_4.pdb	0.84
R1138TS081_5.pdb	0.83
R1138TS097_1.pdb	0.49
R1138TS097_2.pdb	0.48
R1138TS097_3.pdb	0.49
R1138TS097_4.pdb	0.49
R1138TS097_5.pdb	0.50
R1138TS119_1.pdb	0.65
R1138TS119_2.pdb	0.74
R1138TS119_3.pdb	0.75
R1138TS119_4.pdb	0.74
R1138TS119_5.pdb	0.72
R1138TS125_1.pdb	0.73
R1138TS125_2.pdb	0.74
R1138TS125_3.pdb	0.73
R1138TS125_4.pdb	0.74
R1138TS125_5.pdb	0.74
R1138TS128_1.pdb	0.70
R1138TS128_2.pdb	0.70
R1138TS128_3.pdb	0.74
R1138TS128_4.pdb	0.73
R1138TS128_5.pdb	0.71
R1138TS131_1.pdb	0.56
R1138TS131_2.pdb	0.55
R1138TS131_3.pdb	0.56
R1138TS131_4.pdb	0.54
R1138TS131_5.pdb	0.55
R1138TS147_1.pdb	0.68
R1138TS147_2.pdb	0.69
R1138TS147_3.pdb	0.67
R1138TS147_4.pdb	0.69
R1138TS147_5.pdb	0.70
R1138TS177_1.pdb	0.46
R1138TS185_1.pdb	0.56
R1138TS185_2.pdb	0.61
R1138TS185_3.pdb	0.58
R1138TS185_4.pdb	0.57
R1138TS185_5.pdb	0.44
R1138TS227_1.pdb	0.68
R1138TS227_2.pdb	0.68
R1138TS227_3.pdb	0.67
R1138TS227_4.pdb	0.69
R1138TS227_5.pdb	0.68
R1138TS229_1.pdb	0.30
R1138TS229_2.pdb	0.30
R1138TS229_3.pdb	0.62
R1138TS229_4.pdb	0.68
R1138TS229_5.pdb	0.67
R1138TS232_1.pdb	0.85
R1138TS232_2.pdb	0.85
R1138TS232_3.pdb	0.84
R1138TS232_4.pdb	0.84
R1138TS232_5.pdb	0.84
R1138TS235_1.pdb	0.65
R1138TS235_2.pdb	0.65
R1138TS238_1.pdb	0.27
R1138TS238_2.pdb	0.26
R1138TS238_3.pdb	0.25
R1138TS238_4.pdb	0.25
R1138TS239_1.pdb	0.30
R1138TS239_2.pdb	0.62
R1138TS239_3.pdb	0.67
R1138TS239_4.pdb	0.68
R1138TS239_5.pdb	0.59
R1138TS245_1.pdb	0.50
R1138TS245_2.pdb	0.48
R1138TS245_3.pdb	0.53
R1138TS245_4.pdb	0.50
R1138TS245_5.pdb	0.52
R1138TS248_1.pdb	0.69
R1138TS248_2.pdb	0.67
R1138TS248_3.pdb	0.69
R1138TS248_4.pdb	0.67
R1138TS248_5.pdb	0.68
R1138TS287_1.pdb	0.80
R1138TS287_2.pdb	0.73
R1138TS287_3.pdb	0.78
R1138TS287_4.pdb	0.71
R1138TS287_5.pdb	0.71
R1138TS385_1.pdb	0.50
R1138TS392_1.pdb	0.61
R1138TS392_2.pdb	0.66
R1138TS392_3.pdb	0.67
R1138TS392_4.pdb	0.66
R1138TS392_5.pdb	0.66
R1138TS416_1.pdb	0.73
R1138TS416_2.pdb	0.62
R1138TS416_3.pdb	0.73
R1138TS416_4.pdb	0.68
R1138TS416_5.pdb	0.74
R1138TS434_1.pdb	0.68
R1138TS434_2.pdb	0.71
R1138TS434_3.pdb	0.70
R1138TS434_4.pdb	0.68
R1138TS434_5.pdb	0.67
R1138TS439_1.pdb	0.74
R1138TS439_2.pdb	0.74
R1138TS439_3.pdb	0.73
R1138TS439_4.pdb	0.68
R1138TS439_5.pdb	0.67
R1138TS470_1.pdb	0.39
R1138TS470_2.pdb	0.38
R1138TS470_3.pdb	0.39
R1138TS470_4.pdb	0.38
R1138TS470_5.pdb	0.39
R1138TS489_1.pdb	0.44
R1138TS489_2.pdb	0.39
R1138TS489_3.pdb	0.39
R1138TS489_4.pdb	0.40
R1138TS489_5.pdb	0.42
R1149TS029_1.pdb	0.62
R1149TS029_2.pdb	0.53
R1149TS029_3.pdb	0.60
R1149TS029_4.pdb	0.57
R1149TS035_1.pdb	0.71
R1149TS035_2.pdb	0.76
R1149TS035_3.pdb	0.75
R1149TS035_4.pdb	0.72
R1149TS035_5.pdb	0.75
R1149TS054_1.pdb	0.73
R1149TS054_2.pdb	0.72
R1149TS054_3.pdb	0.67
R1149TS054_4.pdb	0.69
R1149TS054_5.pdb	0.70
R1149TS076_1.pdb	0.72
R1149TS076_2.pdb	0.73
R1149TS076_3.pdb	0.72
R1149TS076_4.pdb	0.72
R1149TS076_5.pdb	0.75
R1149TS081_1.pdb	0.76
R1149TS081_2.pdb	0.72
R1149TS081_3.pdb	0.75
R1149TS081_4.pdb	0.77
R1149TS081_5.pdb	0.72
R1149TS091_1.pdb	0.48
R1149TS091_2.pdb	0.48
R1149TS091_3.pdb	0.50
R1149TS091_4.pdb	0.49
R1149TS091_5.pdb	0.49
R1149TS097_1.pdb	0.54
R1149TS097_2.pdb	0.52
R1149TS110_1.pdb	0.69
R1149TS110_2.pdb	0.67
R1149TS110_3.pdb	0.64
R1149TS110_4.pdb	0.64
R1149TS119_1.pdb	0.74
R1149TS119_2.pdb	0.76
R1149TS119_3.pdb	0.75
R1149TS119_4.pdb	0.74
R1149TS119_5.pdb	0.74
R1149TS125_1.pdb	0.74
R1149TS125_2.pdb	0.75
R1149TS125_3.pdb	0.75
R1149TS125_4.pdb	0.72
R1149TS125_5.pdb	0.68
R1149TS128_1.pdb	0.66
R1149TS128_2.pdb	0.70
R1149TS128_3.pdb	0.67
R1149TS128_4.pdb	0.71
R1149TS128_5.pdb	0.68
R1149TS131_1.pdb	0.50
R1149TS131_2.pdb	0.51
R1149TS131_3.pdb	0.50
R1149TS131_4.pdb	0.55
R1149TS131_5.pdb	0.50
R1149TS147_1.pdb	0.69
R1149TS147_2.pdb	0.70
R1149TS147_3.pdb	0.71
R1149TS147_4.pdb	0.70
R1149TS147_5.pdb	0.69
R1149TS177_1.pdb	0.42
R1149TS185_1.pdb	0.68
R1149TS185_2.pdb	0.65
R1149TS185_3.pdb	0.66
R1149TS185_4.pdb	0.68
R1149TS185_5.pdb	0.65
R1149TS227_1.pdb	0.69
R1149TS227_2.pdb	0.69
R1149TS227_3.pdb	0.69
R1149TS227_4.pdb	0.72
R1149TS227_5.pdb	0.69
R1149TS229_1.pdb	0.67
R1149TS229_2.pdb	0.66
R1149TS229_3.pdb	0.66
R1149TS229_4.pdb	0.60
R1149TS229_5.pdb	0.64
R1149TS232_1.pdb	0.77
R1149TS232_2.pdb	0.77
R1149TS232_3.pdb	0.78
R1149TS232_4.pdb	0.78
R1149TS232_5.pdb	0.78
R1149TS235_1.pdb	0.64
R1149TS235_2.pdb	0.67
R1149TS235_3.pdb	0.65
R1149TS235_4.pdb	0.63
R1149TS235_5.pdb	0.64
R1149TS238_1.pdb	0.71
R1149TS238_2.pdb	0.63
R1149TS239_1.pdb	0.66
R1149TS239_2.pdb	0.62
R1149TS239_3.pdb	0.63
R1149TS239_4.pdb	0.67
R1149TS239_5.pdb	0.64
R1149TS245_1.pdb	0.48
R1149TS245_2.pdb	0.55
R1149TS245_3.pdb	0.53
R1149TS245_4.pdb	0.60
R1149TS245_5.pdb	0.50
R1149TS248_1.pdb	0.72
R1149TS248_2.pdb	0.74
R1149TS248_3.pdb	0.75
R1149TS248_4.pdb	0.76
R1149TS248_5.pdb	0.72
R1149TS287_1.pdb	0.74
R1149TS287_2.pdb	0.75
R1149TS287_3.pdb	0.75
R1149TS287_4.pdb	0.74
R1149TS287_5.pdb	0.74
R1149TS385_1.pdb	0.51
R1149TS385_2.pdb	0.56
R1149TS385_3.pdb	0.52
R1149TS385_4.pdb	0.52
R1149TS385_5.pdb	0.48
R1149TS392_1.pdb	0.62
R1149TS392_2.pdb	0.60
R1149TS392_3.pdb	0.60
R1149TS392_4.pdb	0.67
R1149TS392_5.pdb	0.66
R1149TS416_1.pdb	0.66
R1149TS416_2.pdb	0.66
R1149TS416_3.pdb	0.75
R1149TS416_4.pdb	0.72
R1149TS416_5.pdb	0.68
R1149TS434_1.pdb	0.70
R1149TS434_2.pdb	0.70
R1149TS434_3.pdb	0.70
R1149TS434_4.pdb	0.72
R1149TS434_5.pdb	0.71
R1149TS470_1.pdb	0.63
R1149TS470_2.pdb	0.65
R1149TS470_3.pdb	0.63
R1149TS470_4.pdb	0.63
R1149TS470_5.pdb	0.63
R1149TS489_1.pdb	0.63
R1149TS489_2.pdb	0.65
R1149TS489_3.pdb	0.63
R1149TS489_4.pdb	0.63
R1149TS489_5.pdb	0.63
R1156TS029_1.pdb	0.55
R1156TS029_2.pdb	0.45
R1156TS029_3.pdb	0.53
R1156TS029_4.pdb	0.52
R1156TS029_5.pdb	0.57
R1156TS035_1.pdb	0.72
R1156TS035_2.pdb	0.72
R1156TS035_3.pdb	0.69
R1156TS035_4.pdb	0.69
R1156TS035_5.pdb	0.68
R1156TS054_1.pdb	0.69
R1156TS054_2.pdb	0.74
R1156TS054_3.pdb	0.69
R1156TS054_4.pdb	0.65
R1156TS054_5.pdb	0.67
R1156TS076_1.pdb	0.67
R1156TS076_2.pdb	0.70
R1156TS076_3.pdb	0.72
R1156TS076_4.pdb	0.67
R1156TS076_5.pdb	0.69
R1156TS081_1.pdb	0.72
R1156TS081_2.pdb	0.73
R1156TS081_3.pdb	0.70
R1156TS081_4.pdb	0.72
R1156TS081_5.pdb	0.72
R1156TS091_1.pdb	0.47
R1156TS091_2.pdb	0.50
R1156TS091_3.pdb	0.51
R1156TS091_4.pdb	0.49
R1156TS091_5.pdb	0.54
R1156TS097_1.pdb	0.49
R1156TS097_2.pdb	0.48
R1156TS097_3.pdb	0.50
R1156TS110_1.pdb	0.67
R1156TS110_2.pdb	0.65
R1156TS110_3.pdb	0.65
R1156TS110_4.pdb	0.65
R1156TS110_5.pdb	0.63
R1156TS119_1.pdb	0.68
R1156TS119_2.pdb	0.71
R1156TS119_3.pdb	0.72
R1156TS119_4.pdb	0.69
R1156TS119_5.pdb	0.69
R1156TS125_1.pdb	0.71
R1156TS125_2.pdb	0.70
R1156TS125_3.pdb	0.65
R1156TS125_4.pdb	0.65
R1156TS125_5.pdb	0.65
R1156TS128_1.pdb	0.66
R1156TS128_2.pdb	0.65
R1156TS128_3.pdb	0.65
R1156TS128_4.pdb	0.63
R1156TS128_5.pdb	0.64
R1156TS131_1.pdb	0.53
R1156TS131_2.pdb	0.53
R1156TS131_3.pdb	0.57
R1156TS131_4.pdb	0.49
R1156TS131_5.pdb	0.56
R1156TS147_1.pdb	0.68
R1156TS147_2.pdb	0.66
R1156TS147_3.pdb	0.65
R1156TS147_4.pdb	0.66
R1156TS147_5.pdb	0.65
R1156TS177_1.pdb	0.42
R1156TS185_1.pdb	0.60
R1156TS185_2.pdb	0.60
R1156TS185_3.pdb	0.60
R1156TS185_4.pdb	0.62
R1156TS185_5.pdb	0.56
R1156TS227_1.pdb	0.67
R1156TS227_2.pdb	0.67
R1156TS227_3.pdb	0.67
R1156TS227_4.pdb	0.66
R1156TS227_5.pdb	0.66
R1156TS229_1.pdb	0.74
R1156TS229_2.pdb	0.69
R1156TS229_3.pdb	0.63
R1156TS229_4.pdb	0.65
R1156TS229_5.pdb	0.70
R1156TS232_1.pdb	0.73
R1156TS232_2.pdb	0.74
R1156TS232_3.pdb	0.73
R1156TS232_4.pdb	0.74
R1156TS232_5.pdb	0.73
R1156TS235_1.pdb	0.66
R1156TS235_2.pdb	0.65
R1156TS235_3.pdb	0.63
R1156TS235_4.pdb	0.65
R1156TS235_5.pdb	0.64
R1156TS238_1.pdb	0.63
R1156TS238_2.pdb	0.54
R1156TS238_3.pdb	0.64
R1156TS238_4.pdb	0.60
R1156TS238_5.pdb	0.61
R1156TS239_1.pdb	0.74
R1156TS239_2.pdb	0.70
R1156TS239_3.pdb	0.70
R1156TS239_4.pdb	0.67
R1156TS239_5.pdb	0.63
R1156TS245_1.pdb	0.56
R1156TS245_2.pdb	0.51
R1156TS245_3.pdb	0.51
R1156TS245_4.pdb	0.54
R1156TS245_5.pdb	0.50
R1156TS248_1.pdb	0.72
R1156TS248_2.pdb	0.72
R1156TS248_3.pdb	0.70
R1156TS248_4.pdb	0.68
R1156TS248_5.pdb	0.72
R1156TS287_1.pdb	0.69
R1156TS287_2.pdb	0.70
R1156TS287_3.pdb	0.71
R1156TS287_4.pdb	0.70
R1156TS287_5.pdb	0.70
R1156TS385_1.pdb	0.56
R1156TS392_1.pdb	0.62
R1156TS392_2.pdb	0.70
R1156TS392_3.pdb	0.65
R1156TS392_4.pdb	0.63
R1156TS392_5.pdb	0.65
R1156TS416_1.pdb	0.67
R1156TS416_2.pdb	0.71
R1156TS416_3.pdb	0.61
R1156TS416_4.pdb	0.64
R1156TS416_5.pdb	0.65
R1156TS434_1.pdb	0.66
R1156TS434_2.pdb	0.63
R1156TS434_3.pdb	0.68
R1156TS434_4.pdb	0.63
R1156TS434_5.pdb	0.64
R1156TS439_1.pdb	0.69
R1156TS439_2.pdb	0.65
R1156TS439_3.pdb	0.64
R1156TS439_4.pdb	0.74
R1156TS439_5.pdb	0.67
R1156TS470_1.pdb	0.61
R1156TS470_2.pdb	0.61
R1156TS470_3.pdb	0.61
R1156TS470_4.pdb	0.60
R1156TS470_5.pdb	0.61
R1156TS489_1.pdb	0.61
R1156TS489_2.pdb	0.61
R1156TS489_3.pdb	0.61
R1156TS489_4.pdb	0.60
R1156TS489_5.pdb	0.61
R1189TS029_1.pdb	0.55
R1189TS029_2.pdb	0.56
R1189TS029_3.pdb	0.55
R1189TS035_1.pdb	0.67
R1189TS035_2.pdb	0.67
R1189TS035_3.pdb	0.68
R1189TS035_4.pdb	0.65
R1189TS035_5.pdb	0.65
R1189TS054_1.pdb	0.70
R1189TS054_2.pdb	0.70
R1189TS054_3.pdb	0.70
R1189TS054_4.pdb	0.70
R1189TS054_5.pdb	0.70
R1189TS076_1.pdb	0.72
R1189TS076_2.pdb	0.71
R1189TS076_3.pdb	0.67
R1189TS076_4.pdb	0.69
R1189TS076_5.pdb	0.70
R1189TS081_1.pdb	0.69
R1189TS081_2.pdb	0.67
R1189TS081_3.pdb	0.70
R1189TS081_4.pdb	0.69
R1189TS081_5.pdb	0.72
R1189TS097_1.pdb	0.56
R1189TS097_2.pdb	0.56
R1189TS119_1.pdb	0.64
R1189TS119_2.pdb	0.64
R1189TS119_3.pdb	0.65
R1189TS119_4.pdb	0.66
R1189TS119_5.pdb	0.62
R1189TS125_1.pdb	0.70
R1189TS125_2.pdb	0.70
R1189TS125_3.pdb	0.70
R1189TS125_4.pdb	0.70
R1189TS125_5.pdb	0.70
R1189TS131_1.pdb	0.63
R1189TS131_2.pdb	0.64
R1189TS131_3.pdb	0.63
R1189TS131_4.pdb	0.64
R1189TS131_5.pdb	0.64
R1189TS147_1.pdb	0.53
R1189TS147_2.pdb	0.60
R1189TS147_3.pdb	0.61
R1189TS147_4.pdb	0.58
R1189TS147_5.pdb	0.58
R1189TS177_1.pdb	0.55
R1189TS177_2.pdb	0.48
R1189TS177_3.pdb	0.52
R1189TS185_1.pdb	0.53
R1189TS185_2.pdb	0.52
R1189TS185_3.pdb	0.53
R1189TS185_4.pdb	0.53
R1189TS185_5.pdb	0.52
R1189TS227_1.pdb	0.57
R1189TS227_2.pdb	0.57
R1189TS227_3.pdb	0.62
R1189TS227_4.pdb	0.60
R1189TS227_5.pdb	0.57
R1189TS229_1.pdb	0.60
R1189TS229_2.pdb	0.62
R1189TS229_3.pdb	0.62
R1189TS229_4.pdb	0.70
R1189TS229_5.pdb	0.73
R1189TS232_1.pdb	0.64
R1189TS232_2.pdb	0.68
R1189TS232_3.pdb	0.62
R1189TS232_4.pdb	0.67
R1189TS232_5.pdb	0.66
R1189TS235_1.pdb	0.67
R1189TS235_2.pdb	0.63
R1189TS235_3.pdb	0.61
R1189TS235_4.pdb	0.65
R1189TS235_5.pdb	0.63
R1189TS238_1.pdb	0.50
R1189TS238_2.pdb	0.48
R1189TS239_1.pdb	0.60
R1189TS239_2.pdb	0.62
R1189TS239_3.pdb	0.62
R1189TS239_4.pdb	0.70
R1189TS239_5.pdb	0.73
R1189TS245_1.pdb	0.56
R1189TS245_2.pdb	0.54
R1189TS245_3.pdb	0.58
R1189TS245_4.pdb	0.53
R1189TS245_5.pdb	0.54
R1189TS248_1.pdb	0.24
R1189TS248_2.pdb	0.24
R1189TS248_3.pdb	0.24
R1189TS248_4.pdb	0.24
R1189TS248_5.pdb	0.24
R1189TS257_1.pdb	0.60
R1189TS257_2.pdb	0.61
R1189TS257_3.pdb	0.59
R1189TS257_4.pdb	0.59
R1189TS257_5.pdb	0.61
R1189TS287_1.pdb	0.66
R1189TS287_2.pdb	0.66
R1189TS287_3.pdb	0.65
R1189TS287_4.pdb	0.63
R1189TS287_5.pdb	0.66
R1189TS385_1.pdb	0.56
R1189TS392_1.pdb	0.61
R1189TS392_2.pdb	0.63
R1189TS392_3.pdb	0.63
R1189TS392_4.pdb	0.63
R1189TS392_5.pdb	0.63
R1189TS434_1.pdb	0.55
R1189TS434_2.pdb	0.60
R1189TS434_3.pdb	0.58
R1189TS434_4.pdb	0.61
R1189TS434_5.pdb	0.59
R1189TS439_1.pdb	0.56
R1189TS439_2.pdb	0.60
R1189TS439_3.pdb	0.62
R1189TS439_4.pdb	0.70
R1189TS439_5.pdb	0.73
R1189TS444_1.pdb	0.60
R1189TS444_2.pdb	0.60
R1189TS444_3.pdb	0.61
R1189TS444_4.pdb	0.60
R1189TS444_5.pdb	0.59
R1189TS470_1.pdb	0.57
R1189TS470_2.pdb	0.57
R1189TS470_3.pdb	0.59
R1189TS470_4.pdb	0.58
R1189TS470_5.pdb	0.59
R1189TS489_1.pdb	0.57
R1189TS489_2.pdb	0.57
R1189TS489_3.pdb	0.59
R1189TS489_4.pdb	0.58
R1189TS489_5.pdb	0.59
R1189TS494_1.pdb	0.64
R1189TS494_2.pdb	0.65
R1189TS494_3.pdb	0.64
R1189TS494_4.pdb	0.65
R1189TS494_5.pdb	0.64
R1190TS029_1.pdb	0.52
R1190TS029_2.pdb	0.54
R1190TS029_3.pdb	0.53
R1190TS035_1.pdb	0.65
R1190TS035_2.pdb	0.65
R1190TS035_3.pdb	0.65
R1190TS035_4.pdb	0.69
R1190TS035_5.pdb	0.68
R1190TS054_1.pdb	0.70
R1190TS054_2.pdb	0.70
R1190TS054_3.pdb	0.70
R1190TS054_4.pdb	0.70
R1190TS054_5.pdb	0.70
R1190TS076_1.pdb	0.72
R1190TS076_2.pdb	0.71
R1190TS076_3.pdb	0.67
R1190TS076_4.pdb	0.69
R1190TS076_5.pdb	0.70
R1190TS081_1.pdb	0.68
R1190TS081_2.pdb	0.71
R1190TS081_3.pdb	0.70
R1190TS081_4.pdb	0.70
R1190TS081_5.pdb	0.69
R1190TS097_1.pdb	0.52
R1190TS119_1.pdb	0.67
R1190TS119_2.pdb	0.66
R1190TS119_3.pdb	0.64
R1190TS119_4.pdb	0.64
R1190TS119_5.pdb	0.64
R1190TS125_1.pdb	0.70
R1190TS125_2.pdb	0.70
R1190TS125_3.pdb	0.70
R1190TS125_4.pdb	0.70
R1190TS125_5.pdb	0.70
R1190TS131_1.pdb	0.63
R1190TS131_2.pdb	0.66
R1190TS131_3.pdb	0.64
R1190TS131_4.pdb	0.66
R1190TS131_5.pdb	0.65
R1190TS147_1.pdb	0.57
R1190TS147_2.pdb	0.61
R1190TS147_4.pdb	0.60
R1190TS147_5.pdb	0.53
R1190TS177_1.pdb	0.55
R1190TS177_2.pdb	0.48
R1190TS177_3.pdb	0.52
R1190TS185_1.pdb	0.56
R1190TS185_2.pdb	0.53
R1190TS185_3.pdb	0.57
R1190TS185_4.pdb	0.53
R1190TS185_5.pdb	0.53
R1190TS227_1.pdb	0.59
R1190TS227_2.pdb	0.59
R1190TS227_3.pdb	0.62
R1190TS227_4.pdb	0.59
R1190TS229_1.pdb	0.60
R1190TS229_2.pdb	0.62
R1190TS229_3.pdb	0.62
R1190TS229_4.pdb	0.70
R1190TS229_5.pdb	0.73
R1190TS232_1.pdb	0.65
R1190TS232_2.pdb	0.64
R1190TS232_3.pdb	0.64
R1190TS232_4.pdb	0.65
R1190TS232_5.pdb	0.68
R1190TS235_1.pdb	0.63
R1190TS235_2.pdb	0.60
R1190TS235_3.pdb	0.62
R1190TS235_4.pdb	0.59
R1190TS235_5.pdb	0.62
R1190TS238_2.pdb	0.50
R1190TS239_1.pdb	0.60
R1190TS239_2.pdb	0.62
R1190TS239_3.pdb	0.62
R1190TS239_4.pdb	0.70
R1190TS239_5.pdb	0.73
R1190TS245_1.pdb	0.52
R1190TS245_2.pdb	0.50
R1190TS245_3.pdb	0.55
R1190TS245_4.pdb	0.52
R1190TS245_5.pdb	0.53
R1190TS248_1.pdb	0.24
R1190TS248_2.pdb	0.24
R1190TS248_3.pdb	0.24
R1190TS248_4.pdb	0.24
R1190TS248_5.pdb	0.24
R1190TS257_1.pdb	0.60
R1190TS257_2.pdb	0.60
R1190TS257_3.pdb	0.65
R1190TS257_4.pdb	0.65
R1190TS257_5.pdb	0.64
R1190TS287_1.pdb	0.66
R1190TS287_2.pdb	0.66
R1190TS287_3.pdb	0.62
R1190TS287_4.pdb	0.66
R1190TS287_5.pdb	0.65
R1190TS385_1.pdb	0.52
R1190TS392_1.pdb	0.61
R1190TS392_2.pdb	0.60
R1190TS392_3.pdb	0.61
R1190TS392_4.pdb	0.61
R1190TS392_5.pdb	0.61
R1190TS434_1.pdb	0.59
R1190TS434_2.pdb	0.55
R1190TS434_3.pdb	0.57
R1190TS434_4.pdb	0.59
R1190TS434_5.pdb	0.63
R1190TS439_1.pdb	0.60
R1190TS439_2.pdb	0.62
R1190TS439_3.pdb	0.62
R1190TS439_4.pdb	0.70
R1190TS439_5.pdb	0.73
R1190TS444_1.pdb	0.63
R1190TS444_2.pdb	0.62
R1190TS444_3.pdb	0.61
R1190TS444_4.pdb	0.62
R1190TS444_5.pdb	0.62
R1190TS470_1.pdb	0.56
R1190TS470_2.pdb	0.59
R1190TS470_3.pdb	0.57
R1190TS470_4.pdb	0.57
R1190TS470_5.pdb	0.56
R1190TS489_1.pdb	0.56
R1190TS489_2.pdb	0.59
R1190TS489_3.pdb	0.57
R1190TS489_4.pdb	0.57
R1190TS489_5.pdb	0.56
R1190TS494_1.pdb	0.63
R1190TS494_2.pdb	0.63
R1190TS494_3.pdb	0.63
R1190TS494_4.pdb	0.65
R1190TS494_5.pdb	0.65
